--
-- PostgreSQL database dump
--

SET client_encoding = 'LATIN1';
SET check_function_bodies = false;
SET client_min_messages = warning;

--
-- Name: SCHEMA public; Type: COMMENT; Schema: -; Owner: postgres
--

COMMENT ON SCHEMA public IS 'Standard public schema';


SET search_path = public, pg_catalog;

--
-- Name: grupos_gid_seq; Type: SEQUENCE; Schema: public; Owner: smi
--

CREATE SEQUENCE grupos_gid_seq
    INCREMENT BY 1
    NO MAXVALUE
    NO MINVALUE
    CACHE 1;


ALTER TABLE public.grupos_gid_seq OWNER TO smi;

--
-- Name: grupos_gid_seq; Type: SEQUENCE SET; Schema: public; Owner: smi
--

SELECT pg_catalog.setval('grupos_gid_seq', 46, true);


SET default_tablespace = '';

SET default_with_oids = false;

--
-- Name: grupos; Type: TABLE; Schema: public; Owner: smi; Tablespace: 
--

CREATE TABLE grupos (
    gid integer DEFAULT nextval('grupos_gid_seq'::regclass) NOT NULL,
    nombre_grupo character varying(40) NOT NULL,
    mostrable boolean DEFAULT false NOT NULL,
    zona boolean DEFAULT false NOT NULL
);


ALTER TABLE public.grupos OWNER TO smi;

--
-- Name: mensajes_mid_seq; Type: SEQUENCE; Schema: public; Owner: smi
--

CREATE SEQUENCE mensajes_mid_seq
    INCREMENT BY 1
    NO MAXVALUE
    NO MINVALUE
    CACHE 1;


ALTER TABLE public.mensajes_mid_seq OWNER TO smi;

--
-- Name: mensajes_mid_seq; Type: SEQUENCE SET; Schema: public; Owner: smi
--

SELECT pg_catalog.setval('mensajes_mid_seq', 3030, true);


--
-- Name: mensajes; Type: TABLE; Schema: public; Owner: smi; Tablespace: 
--

CREATE TABLE mensajes (
    mid integer DEFAULT nextval('mensajes_mid_seq'::regclass) NOT NULL,
    uid_destino integer,
    fecha date NOT NULL,
    hora time without time zone NOT NULL,
    asunto character varying(256) NOT NULL,
    texto text NOT NULL,
    confirmado boolean DEFAULT false NOT NULL,
    valido boolean DEFAULT false NOT NULL,
    tiempo_vida integer DEFAULT 1 NOT NULL,
    uid_origen integer NOT NULL,
    control boolean DEFAULT false NOT NULL,
    minutos smallint DEFAULT -1 NOT NULL,
    fecha_confirmacion timestamp without time zone
);


ALTER TABLE public.mensajes OWNER TO smi;

--
-- Name: puntosv; Type: TABLE; Schema: public; Owner: smi; Tablespace: 
--

CREATE TABLE puntosv (
    codigo character(4) NOT NULL,
    nombre character varying(50) NOT NULL,
    ip inet DEFAULT '127.0.0.1'::inet,
    gid integer DEFAULT 5 NOT NULL
);


ALTER TABLE public.puntosv OWNER TO smi;

--
-- Name: transacciones; Type: TABLE; Schema: public; Owner: smi; Tablespace: 
--

CREATE TABLE transacciones (
    codigo character(5) NOT NULL,
    nombre character varying(100) NOT NULL,
    driver character varying(200) NOT NULL,
    args text NOT NULL
);


ALTER TABLE public.transacciones OWNER TO smi;

--
-- Name: usuarios_uid_seq; Type: SEQUENCE; Schema: public; Owner: smi
--

CREATE SEQUENCE usuarios_uid_seq
    INCREMENT BY 1
    NO MAXVALUE
    NO MINVALUE
    CACHE 1;


ALTER TABLE public.usuarios_uid_seq OWNER TO smi;

--
-- Name: usuarios_uid_seq; Type: SEQUENCE SET; Schema: public; Owner: smi
--

SELECT pg_catalog.setval('usuarios_uid_seq', 5197, true);


--
-- Name: usuarios; Type: TABLE; Schema: public; Owner: smi; Tablespace: 
--

CREATE TABLE usuarios (
    uid integer DEFAULT nextval('usuarios_uid_seq'::regclass) NOT NULL,
    "login" character varying(30) NOT NULL,
    clave character(32) DEFAULT 'd41d8cd98f00b204e9800998ecf8427e'::bpchar NOT NULL,
    nombres character varying(100) DEFAULT 'Sin Nombre'::character varying,
    correo character varying(200),
    "admin" boolean DEFAULT false NOT NULL,
    habilitado boolean DEFAULT true NOT NULL,
    gid integer DEFAULT 5,
    audit boolean DEFAULT false NOT NULL
);


ALTER TABLE public.usuarios OWNER TO smi;

--
-- Name: usuarios_pventa; Type: TABLE; Schema: public; Owner: smi; Tablespace: 
--

CREATE TABLE usuarios_pventa (
    uid integer NOT NULL,
    codigo_pventa character(4) NOT NULL,
    valid_ip boolean DEFAULT false NOT NULL
);


ALTER TABLE public.usuarios_pventa OWNER TO smi;

--
-- Data for Name: grupos; Type: TABLE DATA; Schema: public; Owner: smi
--

COPY grupos (gid, nombre_grupo, mostrable, zona) FROM stdin;
6	ADMINISTRATIVOS	f	f
22	GERENCIA	t	f
26	AMAIME	f	t
24	CANDELARIA	f	t
37	EMPRESARIOS	f	t
41	FLORIDA	f	t
34	OBRERO	f	t
39	OCCIDENTE	f	t
25	PRADERA	f	t
32	PRADO	f	t
38	QUINCHIA	f	t
27	ROZO	f	t
36	SAN PEDRO	f	t
31	SANTA TERESITA	f	t
35	SUPER MARDEN	f	t
40	TIENDA NUEVA	f	t
33	ZAMORANO OFICINA	f	t
43	PAPELERIA Y TALONARIOS	t	f
44	NOVEDADES	t	f
45	CARTERA-EFECTIVO-COLILLAS ANULADAS	t	f
46	PUNTOS DE VENTA	t	f
42	FALLAS EQUIPOS	t	f
17	AUDITORIA	t	f
5	SIN GRUPO	f	t
\.


--
-- Data for Name: mensajes; Type: TABLE DATA; Schema: public; Owner: smi
--

COPY mensajes (mid, uid_destino, fecha, hora, asunto, texto, confirmado, valido, tiempo_vida, uid_origen, control, minutos, fecha_confirmacion) FROM stdin;
\.


--
-- Data for Name: puntosv; Type: TABLE DATA; Schema: public; Owner: smi
--

COPY puntosv (codigo, nombre, ip, gid) FROM stdin;
1166	NIÑO POBRE	127.0.0.1	5
1478	LA PIÑA  ROZO	127.0.0.1	5
1384	OFI 01 PORTATIL	127.0.0.1	5
1400	OF 04 PORTATIL	127.0.0.1	5
1368	PORTATIL AMBULANTE GUANABANAL	127.0.0.1	5
1714	FERNANDO MONTAÑO CANDELARIA	127.0.0.1	5
1670	TIENDA ESPAÑA (CANDELARIA)	127.0.0.1	5
1244	SUPER MARDEN	127.0.0.1	5
1614	ALTO EL CASTILLO	127.0.0.1	25
1687	BICICLETERIA (CANDELARIA)	127.0.0.1	24
1496	AMAIME I	127.0.0.1	26
1513	ANTIGUA PPAL AMAIME	127.0.0.1	26
1512	BALNEARIO AMAIME	127.0.0.1	26
1523	BILLARES AMAIME	127.0.0.1	26
1741	BODEGA 1 (CANDELARIA)	127.0.0.1	24
1740	BODEGA 2 (CANDELARIA)	127.0.0.1	24
1666	BOMBEROS (CANDELARIA)	127.0.0.1	24
1516	BOYACA AMAIME	127.0.0.1	26
1693	CALLE CENTRAL EL CARMELO (CAN)	127.0.0.1	24
1499	CALLE DEL COMERCIO	127.0.0.1	26
1729	CALLE PRINCIPAL (CANDELARIA)	127.0.0.1	24
1726	CALLE PRINCIPAL 1 (CANDELARIA)	127.0.0.1	24
1727	CALLE PRINCIPAL 2 (CANDELARIA)	127.0.0.1	24
1719	CALLEJON PEREIRA (CANDELARIA)	127.0.0.1	24
1774	CARMELO AGUILE ROJA CANDELARIA	127.0.0.1	24
1678	CEMENTERIO (CANDELARIA)	127.0.0.1	24
1680	CENTRO MULTIPLE (CANDELARIA)	127.0.0.1	24
1735	CIUDAD DEL CAMPO PALMIRA (CAN)	127.0.0.1	24
1728	CLEMENTINA VERGARA (CANDELARIA	127.0.0.1	24
1700	ENTRADA SAN JUAQUIN CANDELARIA	127.0.0.1	24
1494	CALLEJON VERGARA	127.0.0.1	27
1481	CANCHA TORRE ROZO	127.0.0.1	27
1521	COOMSAVAL AMAIME	127.0.0.1	26
1616	CENADERO CENTRAL	127.0.0.1	25
1628	BILLARES MANHATAN	127.0.0.1	25
1612	COMUNEROS	127.0.0.1	25
1522	DENIS AMAIME	127.0.0.1	26
1708	DORIS CAMACHO (CANDELARIA)	127.0.0.1	24
1517	EL CARMEN I AMAIME	127.0.0.1	26
1502	EL CARMEN II AMAIME	127.0.0.1	26
1658	EL ARENAL (CANDELARIA)	127.0.0.1	24
1679	ESTANCO (CANDELARIA)	127.0.0.1	24
1730	EXPENDIDO PAPA (CANDELARIA)	127.0.0.1	24
1743	FANNY ROMERO (CANDELARIA)	127.0.0.1	24
1736	FINAL PEREIRA (CANDELARIA)	127.0.0.1	24
1660	GRANERO (CANDELARIA)	127.0.0.1	24
1673	GUARDERIA (CANDELARIA)	127.0.0.1	24
1734	GRANERO CIUDAD DEL CAMPO (CAN)	127.0.0.1	24
1715	JOSE CUENCA (CANDELARIA)	127.0.0.1	24
1689	LA FAVORITA (CANDELARIA)	127.0.0.1	24
1720	LA BOMBA (CANDELARIA)	127.0.0.1	24
1508	ESCUELA AMAIME	127.0.0.1	26
1598	LA LIBERTA II PRADERA	127.0.0.1	25
1477	DIAGONAL PARQUE ROZO	127.0.0.1	27
1480	BOMBEROS ROZO	127.0.0.1	27
1560	EL JARDIN ROZO	127.0.0.1	27
1672	GALERIA (CANDELARIA)	127.0.0.1	24
1667	LA QUINTA (CANDELARIA)	127.0.0.1	24
1525	EL GALEON AMAIME	127.0.0.1	26
1527	EL HOYO AMAIME	127.0.0.1	26
1702	LA TABERNA (CANDELARIA)	127.0.0.1	24
1500	EL OVIEDO AMAIME	127.0.0.1	26
1711	YOLANDA SANDOVAL (CANDELARIA)	127.0.0.1	24
1485	VIRGINIA II ROZO	127.0.0.1	27
1484	VIRGINIA I ROZO	127.0.0.1	27
1490	VILLA LENIS ROZO	127.0.0.1	27
1506	TRIUNFO AMAIME I	127.0.0.1	26
1507	TRIUNFO AMAIME II	127.0.0.1	26
1718	TRANSITO (CANDELARIA)	127.0.0.1	26
1692	LA MARIA (CANDELARIA)	127.0.0.1	24
1683	OFICINA 20 JULIO CANDELARIA	127.0.0.1	24
1243	VILLA CLAUDIA I	127.0.0.1	31
1324	BENEDICTA I	127.0.0.1	31
1171	EL CONDOR	127.0.0.1	32
1190	LA ESPERANZA	127.0.0.1	31
1266	BENEDICTA III	127.0.0.1	31
1315	DEPARTAMENTAL	127.0.0.1	31
1192	CORONADO II	127.0.0.1	31
1331	CORONADO I	127.0.0.1	31
1189	20 DE JULIO	127.0.0.1	31
1217	CORONADO III	127.0.0.1	31
1297	VILLA DEL ROSARIO	127.0.0.1	31
1180	HAROLD EDER	127.0.0.1	31
1230	SIMON BOLIVAR	127.0.0.1	31
1330	CAIMITOS I	127.0.0.1	31
1303	POBLADO DE LOURDES	127.0.0.1	31
1309	CAIMITOS II	127.0.0.1	31
1283	CAIMITO S III	127.0.0.1	31
1198	PORTAL LAS PALMAS I	127.0.0.1	31
1135	PORTAL LAS PALMAS II	127.0.0.1	31
1151	PORTAL DE LAS PALMAS III	127.0.0.1	31
1334	LLANO GRANDE	127.0.0.1	31
1395	JUAN PABLO 2DO II	127.0.0.1	31
1235	JUAN PABLO II	127.0.0.1	31
1276	JUAN PABLO III	127.0.0.1	31
1311	JUAN PABLO IV	127.0.0.1	31
1270	IGNACIO TORRES	127.0.0.1	31
1338	LORETO	127.0.0.1	32
1240	BILLARES MARACAIBO	127.0.0.1	32
1178	EMILIA V	127.0.0.1	32
1322	SANTA BARBARA	127.0.0.1	32
1287	TIENDA COSTA RICA	127.0.0.1	32
1272	EMILIA BICICLETERIA	127.0.0.1	32
1214	EMILIA IV	127.0.0.1	32
1458	EMILIA IGLESIA	127.0.0.1	32
1267	LA CONCORDIA III	127.0.0.1	32
1396	EMILIA III	127.0.0.1	32
1273	EMILIA VI	127.0.0.1	32
1264	PRADO LA ROCHELA	127.0.0.1	32
1335	PARQUE EL PRADO	127.0.0.1	32
1325	PRADO CASETA	127.0.0.1	32
1290	FRAY LUIS II	127.0.0.1	32
1332	PRADO IV	127.0.0.1	32
1197	PRADO IGLESIA	127.0.0.1	32
1213	DROGUERIA CHAMPION PRADO	127.0.0.1	32
1173	LLANO GRANDE PLAZA	127.0.0.1	32
1295	RIVERA ESCOBAR	127.0.0.1	32
1278	RIVERA ESCOBAR II	127.0.0.1	32
1561	PRADO LICORERA	127.0.0.1	32
1565	HELADERIA EMILIA	127.0.0.1	32
1152	CARBONERA I	127.0.0.1	33
1211	CIUDADELA COMFAUNION	127.0.0.1	33
1337	LOS MANGOS II	127.0.0.1	33
1252	LOS MANGOS III	127.0.0.1	33
1556	LOS MANGOS IV	127.0.0.1	33
1559	ZAMORANO III	127.0.0.1	33
1128	CASETA ZAMORANO IGLESIA	127.0.0.1	33
1237	ZAMORANO VILLADA	127.0.0.1	33
1393	ZAMORANO ANTENA	127.0.0.1	33
1378	OFICINA ZAMORANO	127.0.0.1	33
1149	CASETA LUPE ZAMORANO	127.0.0.1	33
1131	CASETA ZAMORANO X	127.0.0.1	33
1564	QUIEBRA PATAS ZAMORANO	127.0.0.1	33
1333	SANTIAGO EDER	127.0.0.1	33
1245	OBRERO V	127.0.0.1	34
1241	OBRERO VI	127.0.0.1	34
1318	OBRERO IV	127.0.0.1	34
1218	OBRERO I	127.0.0.1	34
1321	OBRERO II	127.0.0.1	34
1210	BIZERTA	127.0.0.1	34
1255	SAN CAYETANO	127.0.0.1	34
1225	RAFFO	127.0.0.1	34
1271	LOS ABUELOS 19 CON 40	127.0.0.1	34
1224	SAN PEDRO LA 39	127.0.0.1	34
1247	CRA 19 CON 37	127.0.0.1	32
1195	LA 19 CON 34	127.0.0.1	34
1291	URIBE ANDES	127.0.0.1	34
1282	TIENDA MIXTA	127.0.0.1	34
1155	OBRERO BAVARIA	127.0.0.1	34
1156	PIKOS	127.0.0.1	34
1248	OBRERO EL PASO	127.0.0.1	34
1200	BOMBA CERON	127.0.0.1	34
1164	BERLIN	127.0.0.1	34
1260	GALERIA VERSALLES	127.0.0.1	34
1412	GALERIA VERSALLES II	127.0.0.1	34
1177	VERSALLES IV	127.0.0.1	34
1239	ESTONIA	127.0.0.1	34
1161	POLICIA	127.0.0.1	34
1258	HACIENDA BUENOS AIRES II	127.0.0.1	35
1557	CASETA HACIENDA BUENOS AIRES	127.0.0.1	35
1300	PRADOS DE ORIENTE	127.0.0.1	35
1254	CASETA MARIA CANO II	127.0.0.1	35
1216	SAN JOSE	127.0.0.1	35
1558	CASETA MUNICIPAL II	127.0.0.1	35
1138	MUNICIPAL	127.0.0.1	35
1306	SUPERMARDEN DEL BOSQUE	127.0.0.1	35
1134	CASETA FATIMA	127.0.0.1	35
1319	TRIUNFO	127.0.0.1	35
1390	FATIMA	127.0.0.1	35
1132	CASETA CAICELANDIA	127.0.0.1	35
1141	LAS FLORES	127.0.0.1	35
1196	EL PARAISO	127.0.0.1	35
1136	POPULAR MODELO	127.0.0.1	35
1127	CASETA MARIA CANO	127.0.0.1	35
1249	7 DE AGOSTO II	127.0.0.1	35
1454	7 DE AGOSTO I	127.0.0.1	35
1146	CASETA LAS PALMERAS	127.0.0.1	35
1569	MEJOR VIVIR	127.0.0.1	35
1165	SAN JORGE	127.0.0.1	36
1169	SAN PEDRO	127.0.0.1	36
1175	CAI SAN PEDRO	127.0.0.1	36
1187	CAMPESTRE	127.0.0.1	36
1188	SAN PEDRO IGLESIA	127.0.0.1	36
1140	PRIMERO DE MAYO I	127.0.0.1	36
1222	LOS CRISTALES	127.0.0.1	36
1219	PRIMERO DE MAYO II	127.0.0.1	36
1268	SAN PEDRO LA BOLSA	127.0.0.1	36
1144	LOS SAUCES	127.0.0.1	36
1145	CASETA PROVIDENCIA	127.0.0.1	36
1280	LA LIBERTAD I	127.0.0.1	36
1281	LA VEGA	127.0.0.1	36
1312	SAN PEDRO MISCELANEA	127.0.0.1	36
1313	SAN PEDRO PLABLO VI	127.0.0.1	36
1236	SAN CARLOS	127.0.0.1	36
1274	LA ORLIDIA II	127.0.0.1	36
1298	SAN PEDRO BICICLETERIA	127.0.0.1	36
1183	SAN PEDRO VII	127.0.0.1	36
1323	SAN PEDRO IV	127.0.0.1	36
1305	SAN PEDRO II	127.0.0.1	36
1544	CENTRO COMERCIAL LA VIRGINIA	127.0.0.1	37
1231	EL PINGUINO	127.0.0.1	37
1257	LA TRINIDAD	127.0.0.1	37
1253	EMPRESARIO UNIDOS	127.0.0.1	37
1094	LA CIGARRA	127.0.0.1	37
1265	PARQUE BOLIVAR	127.0.0.1	37
1221	ANT. MILLONARIA	127.0.0.1	37
1181	LA PORRA	127.0.0.1	37
1160	MILLONARIA	127.0.0.1	37
1327	PARQUEADERO CICLOMOTOS	127.0.0.1	37
1308	LA DIAN	127.0.0.1	37
1168	CAFE PALMIRA	127.0.0.1	37
1186	BANCO BOGOTA	127.0.0.1	37
1095	LA BAHIA	127.0.0.1	37
1185	CAFE PIEL ROJA	127.0.0.1	37
1409	COLOMBINA II	127.0.0.1	37
1275	EXPRESO PALMIRA	127.0.0.1	37
1215	ANTIGUA PPAL	127.0.0.1	37
1377	HOTEL PACIFICO	127.0.0.1	37
1242	CARDENAS	127.0.0.1	37
1296	MARANATHA	127.0.0.1	37
1167	COLOMBINA	127.0.0.1	37
1329	LICORES II	127.0.0.1	37
1226	LICORES I	127.0.0.1	37
1336	TREBOL II	127.0.0.1	37
1148	CASETA GUAYACANES DEL INGENIO	127.0.0.1	37
1204	COLOMBIA IV	127.0.0.1	37
1320	ESTACION COLOMBIA  I	127.0.0.1	37
1176	ESTACION COLOMBIA II	127.0.0.1	37
1299	COLOMBIA V	127.0.0.1	37
1555	COLOMBIA SENA	127.0.0.1	37
1326	LA CHEVROLET	127.0.0.1	37
1232	DELICIAS IV	127.0.0.1	38
1398	DELICIAS I	127.0.0.1	38
1159	CAI DELICIAS	127.0.0.1	38
1414	EL MEXICANO	127.0.0.1	38
1251	CASETA RECREO II	127.0.0.1	38
1142	RECREO ESQUINITA	127.0.0.1	38
1307	EL SEMBRADOR II	127.0.0.1	38
1147	CASETA SEMBRADOR	127.0.0.1	38
1259	SEMBRADOR III	127.0.0.1	38
1129	CASETA PETRU	127.0.0.1	38
1293	LAS AMERICAS	127.0.0.1	38
1456	CASETA LOS MOLINOS RECREO	127.0.0.1	38
1209	SESQUICENTENARIO II	127.0.0.1	38
1220	SESQUICENTENARIO I	127.0.0.1	38
1279	SESQUICENTARIO III	127.0.0.1	38
1234	LOS ROBLES	127.0.0.1	38
1328	INDEPENDENCIA	127.0.0.1	38
1284	INDEPENDENCIA II	127.0.0.1	38
1172	TIENDA QUINCHIA	127.0.0.1	38
1223	ULTIMA LAGRIMA	127.0.0.1	38
1203	BARRIO NUEVO	127.0.0.1	38
1202	BARRIO NUEVO III	127.0.0.1	38
1137	OLIMPICO III	127.0.0.1	38
1163	OLIMPICO II	127.0.0.1	38
1263	OLIMPICO I	127.0.0.1	38
1269	COLOMBATES	127.0.0.1	38
1452	CASA DE LA 27	127.0.0.1	38
1158	PAMPLONITA	127.0.0.1	38
1570	CARBONERA II	127.0.0.1	33
1130	CASETA SANTA TERESITA	127.0.0.1	31
1289	LA LIBERTAD II	127.0.0.1	36
1201	SAMANES	127.0.0.1	31
1567	SEMBRADOR V	127.0.0.1	38
1205	TIENDA URIBE	127.0.0.1	34
1706	LA TUPIA (CANDELARIA)	127.0.0.1	24
1688	LA VIRGEN (CANDELARIA)	127.0.0.1	24
1691	LAS BRISAS (CANDELARIA)	127.0.0.1	24
1682	MAN VERDA BUCHI CANDELARIA	127.0.0.1	24
1685	MANUEL ESCOBAR (CANDELARIA)	127.0.0.1	24
1615	EL CAIRO	127.0.0.1	25
1526	EL CARMEN III	127.0.0.1	26
1493	EL RECREO ROZO	127.0.0.1	27
1495	EL SILENCIO ROZO	127.0.0.1	27
1515	GAVIOTA II AMAIME	127.0.0.1	26
1498	KIOSKO AMAIME	127.0.0.1	26
1520	LA FAMA AMAIME	127.0.0.1	26
1504	LA PAMPA AMAIME	127.0.0.1	26
1514	LA PAMPITA AMAIME	127.0.0.1	26
1610	LA CIGARRA PRADERA	127.0.0.1	25
1473	LA ACEQUIA ROZO	127.0.0.1	27
1627	LA 14 PRADERA	127.0.0.1	25
1488	EL ZAPOTE ROZO	127.0.0.1	27
1489	KIOSKO DE PACHO	127.0.0.1	27
1722	LA Y (CANDELARIA)	127.0.0.1	24
1491	LA REFORMA ROZO	127.0.0.1	27
1509	LOS PARRALES AMAIME	127.0.0.1	26
1624	EL ESTADIO	127.0.0.1	25
1623	HOSPITAL	127.0.0.1	25
1601	LA LORENA	127.0.0.1	25
1594	LA BODEGA	127.0.0.1	25
1604	LA LIBERTAD PRADERA	127.0.0.1	25
1486	LA MARINA ROZO	127.0.0.1	27
1593	LA MISERICORDIA (AGUSTIN)	127.0.0.1	25
1475	LA PRIMAVERA	127.0.0.1	27
1497	LA REFORMA	127.0.0.1	26
1597	LA RICAURTE	127.0.0.1	25
1492	LA TROCHA ROZO	127.0.0.1	27
1619	LICORERA LA 8	127.0.0.1	25
1518	LOS PARRALES II AMAIME	127.0.0.1	26
1596	LOS PINOS	127.0.0.1	25
1519	LUBRICANTES AMAIME	127.0.0.1	26
1474	MATAPALO ROZO	127.0.0.1	27
1622	MAXITODO	127.0.0.1	25
1524	MERCAHOGAR AMAIME	127.0.0.1	26
1472	OBANDO ROZO	127.0.0.1	27
1590	MOVILES LA BODEGA	127.0.0.1	25
1690	OFI PPAL V. GORGONA CANDELARIA	127.0.0.1	24
1501	OFICINA PRINCIPAL AMAIME	127.0.0.1	26
1511	LA PALOMERA AMAIME	127.0.0.1	26
1657	OFICINA PRINCIPAL CANDELARIA	127.0.0.1	24
1607	OFICINA BERLIN	127.0.0.1	25
1605	OFICINA PRINCIPAL PRADERA	127.0.0.1	25
1479	OFICINA PRINCIPAL ROZO	127.0.0.1	27
1772	PALO MANGO CANDELARIA	127.0.0.1	24
1611	PANADERIA LA INGLESA	127.0.0.1	25
1618	PANADERIA PANTERA ROSA	127.0.0.1	25
1744	PANADERIA POBLADO (CANDELARIA)	127.0.0.1	24
1608	PANCHINITA	127.0.0.1	25
1625	PAPELERIA EL MANANTIAL	127.0.0.1	25
1674	PARQUE 1 (CANDELARIA)	127.0.0.1	24
1659	PARQUE 2 (CANDELARIA)	127.0.0.1	24
1602	PARQUE BERLIN	127.0.0.1	25
1731	PARQUE CABUYAL (CANDELARIA)	127.0.0.1	24
1600	PARQUE PRINCIPAL	127.0.0.1	25
1595	PARQUE RECREACIONAL	127.0.0.1	25
1699	PARQUE TIPLE CANDELARIA	127.0.0.1	24
1677	PARRAGA (CANDELARIA)	127.0.0.1	24
1661	PELUQUERIA MACA (CANDELARIA)	127.0.0.1	24
1676	PELUQUERIA ROSI (CANDELARIA)	127.0.0.1	24
1626	PLANETA AMARILLO	127.0.0.1	25
1681	PORTATIL BUCHILOTO CANDELARIA	127.0.0.1	24
1709	ZULMA STELLA	127.0.0.1	24
1469	VIA CEMENTERIO	127.0.0.1	27
1471	TIENDA NUEVA ROZO	127.0.0.1	27
1510	TIENDA JOEL AMAIME	127.0.0.1	26
1505	TIENDA GAVIOTA AMAIME	127.0.0.1	26
1503	TIENDA DON MORA AMAIME	127.0.0.1	26
1476	TELECOM ROZO	127.0.0.1	27
1482	TELECOM LA TORRE ROZO	127.0.0.1	27
1694	TELECOM CARMELO (CANDELARIA)	127.0.0.1	24
1487	TEATRO ROZO	127.0.0.1	27
1588	SISTEMA MOVILES DEL CENTRO	127.0.0.1	25
1589	SISTEMA MOVILES DEL CAIRO	127.0.0.1	25
1591	SISTEMA MOVILES BERLIN	127.0.0.1	25
1609	SARA	127.0.0.1	25
1663	SANTA ANA (CANDELARIA)	127.0.0.1	24
1707	SANDRA PALACIOS (CANDELARIA)	127.0.0.1	24
1701	SAN JUAQUIN (CANDELARIA)	127.0.0.1	24
1665	RUBIO (CANDELARIA)	127.0.0.1	24
1775	SAN JOAQUIN PPAL (CANDELARIA)	127.0.0.1	24
1606	PUERTO NUEVO	127.0.0.1	25
1613	PUERTAS DEL SOL BERLIN	127.0.0.1	25
1566	PORTATILES ROZO	127.0.0.1	27
1732	PORTATILES CABUYAL CANDELARIA	127.0.0.1	24
1662	PORTATILES (CANDELARIA)	127.0.0.1	24
1684	PORTATIL V. GORGONA CANDELARIA	127.0.0.1	24
1721	PORTATIL SAN ANTONIO CANDLARIA	127.0.0.1	24
1742	PORTATIL POBLADO (CANDELARIA)	127.0.0.1	24
1703	PORTATIL LA REGINA CANDELARIA	127.0.0.1	24
1696	PORTATIL EL CARMELO CANDELARIA	127.0.0.1	24
1738	PORTATIL CAVASA (CANDELARIA)	127.0.0.1	24
1773	CASETA COMFAUNION	127.0.0.1	33
1548	KOKORICO	127.0.0.1	37
1568	GUAYACANES DEL PARQUE	127.0.0.1	37
1157	OFICINA PRINCIPAL SEDE NUEVA	127.0.0.1	37
1834	PORTATIL OFIC. 1 TIENDA NVA	127.0.0.1	5
1832	GUAYABAL I TIENDA NUEVA	127.0.0.1	5
1799	MISCELANEA BOLO	127.0.0.1	5
1831	TABLONES II TIENDA NUEVA	127.0.0.1	5
1798	CALLEJON LA PALMA BOLO	127.0.0.1	5
1830	TABLONES I TIENDA NUEVA	127.0.0.1	5
1829	BARRANCAS TIENDA NUEVA	127.0.0.1	5
1828	POTRERILLO TIENDA NUEVA	127.0.0.1	5
1826	TIENDA NUEVA II OFICINA	127.0.0.1	5
1825	TIENDA NUEVA I	127.0.0.1	5
1824	LA HERRADURA  AEROPUERTO	127.0.0.1	5
1823	PORTATIL AEROPUERTO	127.0.0.1	5
1819	PORTATILES  LA DOLORES	127.0.0.1	5
1818	RESTAURANTE LA DOLORES	127.0.0.1	5
1816	PORTATILES PALMASECA	127.0.0.1	5
1815	LA UNION PALMASECA	127.0.0.1	5
1814	EL PROGRESO PALMASECA	127.0.0.1	5
1812	CALLEJON PRINCIPAL PALMASECA	127.0.0.1	5
1811	CALLEJON SALITRE PALMASECA	127.0.0.1	5
1809	PORTATILES GUANABANAL	127.0.0.1	5
1807	LA VIRGEN GUANABANAL	127.0.0.1	5
1804	BARRIO NUEVO BOLO	127.0.0.1	5
1803	CALLEJON EL PROGRESO BOLO	127.0.0.1	5
1802	PANADERIA ALASKA BOLO	127.0.0.1	5
1801	DIAG. POLICIA BOLO	127.0.0.1	5
1800	LUCERNA BOLO	127.0.0.1	5
1314	COLOMBIA	127.0.0.1	5
1528	AMAIME CALLE 6	127.0.0.1	26
1182	VERSALLES	127.0.0.1	5
1562	SEMBRADOR IV	127.0.0.1	5
1150	COLOMBIA CABINAS	127.0.0.1	5
1250	LUIS CARLOS GALAN	127.0.0.1	5
1822	AEROPUERTO MUELLE NACIONAL	127.0.0.1	39
1821	AEROPUERTO TAXIS	127.0.0.1	39
1806	CRUCERO GUANABANAL	127.0.0.1	39
1827	LA BOLSA TIENDA NUEVA	127.0.0.1	40
1813	VIA PRINCIPAL ROZO PALMASECA	127.0.0.1	5
1228	TIENDA TATI	127.0.0.1	5
\.


--
-- Data for Name: transacciones; Type: TABLE DATA; Schema: public; Owner: smi
--

COPY transacciones (codigo, nombre, driver, args) FROM stdin;
TR010	Actualizacion de Contraseña	com.kazak.smi.server.businessrules.PasswordExchange	<root>\n    <args>UPD0002</args>\n</root>
TR011	Confirmacion de mensaje	com.kazak.smi.server.businessrules.ConfirmMessage	<root>\n    <args>UPD0003</args>\n</root>
TR001	Adiciona usuarios	com.kazak.smi.server.businessrules.UserManager	<root>\n    <action>add</action>\n    <arg>INS0001</arg>\n    <arg>INS0002</arg>\n</root>
TR004	Adiciona  un grupo	com.kazak.smi.server.businessrules.GroupManager	<root>\n    <action>add</action>\n    <arg>INS0006</arg>\n</root>
TR005	Edita un grupo	com.kazak.smi.server.businessrules.GroupManager	<root>\n    <action>edit</action>\n    <arg>UPD0001</arg>\n</root>
TR006	Borra un grupo	com.kazak.smi.server.businessrules.GroupManager	<root>\n    <action>remove</action>\n    <arg>SEL0013</arg>\n    <arg>SEL0014</arg>\n    <arg>DEL0003</arg>\n</root>
TR007	Nuevo Punto de Venta	com.kazak.smi.server.businessrules.PointSaleManager	<root>\n    <action>add</action>\n    <arg>INS0007</arg>\n</root>
TR002	Edita Usuarios	com.kazak.smi.server.businessrules.UserManager	<root>\n    <action>edit</action>\n    <arg>UPD0004</arg>\n    <arg>DEL0001</arg>\n    <arg>INS0002</arg>\n</root>
TR009	Borrar Punto de Venta	com.kazak.smi.server.businessrules.PointSaleManager	<root>\n    <action>remove</action>\n    <arg>DEL0004</arg>\n</root>
TR003	Borra Usuarios	com.kazak.smi.server.businessrules.UserManager	<root>\n    <action>remove</action>\n    <arg>DEL0001</arg>\n    <arg>DEL0002</arg>\n</root>
TR013	Reporte de control de colocadores	com.kazak.smi.server.businessrules.MessageControlReporter	<root/>
TR008	Editar Punto de Venta	com.kazak.smi.server.businessrules.PointSaleManager	<root>\n    <action>edit</action>\n    <arg>UPD0006</arg>\n    <arg>UPD0007</arg>\n    <arg>UPD0008</arg>\n</root>
TR012	Sincronización de las bases de datos Oracle con PostgreSQL	com.kazak.smi.server.businessrules.Sync	<root/>
TR014	Consulta Lista de Usuarios en Linea	com.kazak.smi.server.businessrules.Statistics	<root>\n    <action>list</action>\n</root>
\.


--
-- Data for Name: usuarios; Type: TABLE DATA; Schema: public; Owner: smi
--

COPY usuarios (uid, "login", clave, nombres, correo, "admin", habilitado, gid, audit) FROM stdin;
874	admin	827ccb0eea8a706c4c34a16891f84e7b	NOMBRE DE PRUEBA	NO TIENE EMAIL	t	t	6	f
1327	hgaitan	35ffad83874947a885e3b6d582892e79	Humberto Gaitan Muñoz	hgaitan@apuestaspalmira.com	f	t	17	t
1328	jvargas	2b85485aed8b4311d05b97ab35aabcf9	jamileth Vargas Saucedo	jvargas@apuestaspalmira.com	f	t	17	t
5030	hloaiza	f5edf04d0c239da74f94e7a6893a7306	Harold E. Loaiza Castañeda	haloaiza@apuestaspalmira.com	f	t	22	f
5060	mmelendez	9968071885dbeb623c4959bd5e28eb88	Maria Astrid Melendez	mmelendez@apuestaspalmira.com	f	t	22	f
5032	rcaicedo	dba835b686e72e15f5ff640161e11a4b	Rubiela Caicedo	rcaicedo@apuestaspalmira.com	f	t	45	f
5086	CALVAREZ	203bb091f6112b549b59547114cad12c	CARIME ANDREA AVAREZ	calvarez@apuestaspalmira.com	f	t	45	f
5022	cbenitez	d41d8cd98f00b204e9800998ecf8427e	Carlos Benitez	cbenitez@apuestaspalmira.com	f	t	43	f
5087	jaladino	08e83b9ebe58d002534a8bce227e56d8	Jorge Hernando Angel Aladino	jaladino@apuestaspalmira.com	f	t	43	f
5031	ovalencia	cde81c381b4c36842877123be5cc9727	Orlando de Jesus Valencia	ovalencia@apuestaspalmira.com	f	t	44	f
5021	mcortes	815aac76befffc17f891f3c3165af701	Miguel Arturo Cortes	mcortes@apuestaspalmira.com	f	t	44	f
1330	yderazo	88d938cc3997313cb538a0666734f6ee	Yemi Lorena Derazo	yderazo@apuestaspalmira.com	f	t	44	f
5028	cmontoya	c9b396f251a09e0754ed6ddf717d84e4	Carlos Montoya	cmontoya@apuestaspalmira.com	f	t	42	f
5029	emontano	a1a6bbed0d949d498e1624b56827cb5c	edwin Ramiro Montaño	emontano@apuestaspalmira.com	f	t	42	f
1331	etrujillo	ff955d74e03ca225b49ae9a6294a9199	Erika Maritza Trujillo	etrujillo@apuestaspalmira.com	f	t	42	f
1332	glopez	556ba1437c92b643139cc0fd59421d7e	Guimer Andres Lopez Nosa	glopez@apuestaspalmira.com	f	t	42	f
5064	jrosas	04ee228fac006ac6ec52a5acd5ca6a46	Johan Rosas	jrosas@apuestaspalmira.com	f	t	42	f
5027	otrejos	4cdac4e2f3d6c62bcca5b32e9d51bbfa	oscar ignacio trejos	otrejos@apuestaspalmira.com	f	t	42	f
1309	rvalenzuela	202cb962ac59075b964b07152d234b70	Richard Valenzuela	rvalenzuela@apuestaspalmira.com	t	t	42	f
5033	auditor	827ccb0eea8a706c4c34a16891f84e7b	auditor		f	t	6	t
5088	mrojas	d21cb4b8c6245486bf612622394efb90	Administrador Rozo	mrojas@apuestaspalmira.com	f	t	43	f
5089	seccial1	50572532bb047f1c30e955b606fa0fcd	Problemas Cartera Secretaria Gerencia	yderazo@apuestaspalmira.com	f	t	45	f
5090	jefe_cial1	eb96caaa07b070d20019d60d78827635	JEFE COMERCIAL CARTERA	mcortes@apuestaspalmira.com	f	t	45	f
5097	seccial2	50572532bb047f1c30e955b606fa0fcd	papeleria secretaria comercial	yderazo@apuestaspalmira.com	f	t	43	f
5098	jefe_cial2	eb96caaa07b070d20019d60d78827635	papeleria jefe comercial	mcortes@apuestaspalmira.com	f	t	43	f
5099	admincandelaria	587269dcbd3e8713568b6a85256b7b4a	administrador candelaria	aorozco@apuestaspalmira.com	f	t	46	f
5100	adminrozo	587269dcbd3e8713568b6a85256b7b4a	Administrador de Rozo	mrojas@apuestaspalmira.com	f	t	46	f
5101	adminamaime	587269dcbd3e8713568b6a85256b7b4a	Administrador de Amaime	ghernandez@apuestaspalmira.com	f	t	46	f
5102	adminoccidente	587269dcbd3e8713568b6a85256b7b4a	Admin Bolo,Guanabanal,Palmaseca,Aeropuerto	jgarzon@apuestaspalmira.com	f	t	46	f
5103	adminpradera	587269dcbd3e8713568b6a85256b7b4a	pradera administrador	wbaquero@apuestaspalmira.com	f	t	46	f
5104	admintdanueva	587269dcbd3e8713568b6a85256b7b4a	tienda nueva administrador oficina	oramirez@apuestaspalmira.com	f	t	46	f
5105	subgerente	148d3651e046bfbc522f89d29e8d526c	subgerente palmira	ovalencia@apuestaspalmira.com	f	t	46	f
5106	jefe_cial3	eb96caaa07b070d20019d60d78827635	Puntos de Venta Jefe Comercial	mcortes@apuestaspalmira.com	f	t	46	f
5107	seccial4	50572532bb047f1c30e955b606fa0fcd	puntos de venta secretaria comercial	yderazo@apuestaspalmira.com	f	t	46	f
5108	adminamaime1	587269dcbd3e8713568b6a85256b7b4a	amaime papeleria y talonarios	ghernandez@apuestaspalmira.com	f	t	43	f
5109	admincandelaria1	587269dcbd3e8713568b6a85256b7b4a	candelaria papeleria y talonarios	aorozco@apuestaspalmira.com	f	t	43	f
5110	adminoccidente1	587269dcbd3e8713568b6a85256b7b4a	occidente Papeleria y Talonarios	jgarzon@apuestaspalmira.com	f	t	43	f
5111	adminpradera1	587269dcbd3e8713568b6a85256b7b4a	pradera papeleria y talonarios	wbaquero@apuestaspalmira.com	f	t	43	f
5112	adminrozo1	587269dcbd3e8713568b6a85256b7b4a	rozo papeleria y talonarios	mrojas@apuestaspalmira.com	f	t	43	f
5113	admintdanueva1	587269dcbd3e8713568b6a85256b7b4a	tda nueva papeleria y talonarios	aorozco@apuestaspalmira.com	f	t	43	f
5114	subgerente2	4c02f133e9c4cfb0d559b803a19388c0	Subgerente General	ovalencia@apuestaspalmira.com	f	t	22	f
5137	cristian	202cb962ac59075b964b07152d234b70	Cristian Cepeda	cristian@localhost	f	t	42	f
5139	felipe	202cb962ac59075b964b07152d234b70	Felipe Hernandez	felipe@localhost	f	t	42	f
5140	anibal	202cb962ac59075b964b07152d234b70	anibal	anibal@localhost	f	t	42	f
4502	CV1048	db0a0dfff01cbcd565a7b1d17278a5b7	MARIA DEL CARMEN RIASCOS	\N	f	t	5	f
4557	CV2453	c80aad992c0080894231aadc9661a620	KELLY JOHANA MORALES	\N	f	t	5	f
4590	CV254	128bfa229b895f491dbd433c8791e036	ELIZABETH TOVAR TOVAR	\N	f	t	5	f
4603	CV6666	4f2f79a192c64e32ae193a4f37f4732e	DIANA PRUEBA SIERRA	\N	f	t	5	f
4687	CV2006	be3a72aaadde97221cdf73c07b202ccf	LUZ MILA RIVERA	\N	f	t	5	f
4713	CV2353	7fa09de2f0fa97307c59a955d02c694e	RAFAEL SANTACRUZ	\N	f	t	5	f
4717	CV7260	d34f0b2c375184d9b0b36d986f359251	JUAN ESTEBAN MURILLO	\N	f	t	5	f
4750	CV20630	701ceb7ec982da200bd876bc81c0c88b	LIDA STELLA GUTIERREZ	\N	f	t	5	f
4753	CV2689	112a402a276ee180143be5f381877633	LINA MARCELA JAMIOY	\N	f	t	5	f
4774	CV136	7caf1f8d654842ef1f1395d16701de3e	ANA LIDIA BUITRON	\N	f	t	5	f
4783	CV926	2838e68e07707015a1c542842868a789	MARIA ADALIRIA QUINTERO	\N	f	t	5	f
4788	CV884	e945ea6ae0dfac78ec4c34c0d3f4e483	ZORAIDA HOYOS	\N	f	t	5	f
4816	CV20209	c94fd2df55af143369bcfbdee7beb7b4	FERNADO MONTANO	\N	f	t	5	f
4820	CV115	4179b1d1d9ed119078decf399fd79150	MARISOL LOPEZ LOPEZ	\N	f	t	5	f
4852	CV58	9fab3afa6a9161c290ecc832edf347e0	MARTHA CECILIA PARRA	\N	f	t	5	f
4895	CV20122	4f3f22d4b9f3bbb7d9e12ff48b3caa0b	ESPERANZA REYES	\N	f	t	5	f
4912	CV24	b0ba4c558683aec98e837e0ca90d4637	MARIA LUISA CARRILLO	\N	f	t	5	f
4922	CV8155	f1e8a473940aa51e8a79fb5ac90b93f7	ALCIRA DIAZ DIAZ	\N	f	t	5	f
4926	CV1126	bc9b41318f2d95964042c19c4abf199c	ORLANDO DE JESUS RIVERA	\N	f	t	5	f
4931	CV7075	3f6846dcaa787f39e0bf1ab6bba9cdcd	CARLOS ALBERTO NIÑO NIÑO NIÑO	\N	f	t	5	f
4956	CV765	03470378059644ca6bd04b0eb89bb85e	JOSE VICENTE MORENO	\N	f	t	5	f
4976	CV1101	728d1c54dd0b4d451ee46042101b629b	ANA SILVIA FERROSA	\N	f	t	5	f
4856	CV12310	b2e77e8ca76e078f1962fc9645d51340	JULIA ADELA AZA		f	t	25	f
4871	CV20490	8e4435e26c0e5a9378ec9757530adf02	LUZ ADIELA NARANJO	\N	f	t	24	f
4959	CV367	2cfc76b925d1bda499cfe998bd738ed9	MARIA DEL CARMEN INCA	\N	f	t	26	f
4849	CV850	363dbde48896dc122538e9f7b27c2b78	MARIA JESUS LOPEZ	\N	f	t	26	f
4650	CV2380	fd59c6e91538d2ac235e92a6a1e7db9d	MARY LUZ LOPEZ	\N	f	t	26	f
4985	CV5296	a3948a9a167b0878add457e7c89b9cde	LUCIA VALENCIA	\N	f	t	26	f
4770	CV20620	0159be79df12982d0f9e9878e1117faf	ANA LUCIA TRUJILLO	\N	f	t	24	f
4500	CV20429	4033a9f0e0ef4c53321b5df045b6e859	LUCELY VASQUEZ	\N	f	t	24	f
4654	CV20720	898149cb558226a7fad3cb7e489b1006	LUZ ANGELA POPAYAN	\N	f	t	24	f
4899	CV20085	6771ba2da055d6c34029810f0679df08	SONIA MERNE JURADO	\N	f	t	24	f
4940	CV2559	7c976909d521779847bdeb65e95ea9c9	EMILCE YINETH GARCIA	\N	f	t	26	f
4501	CV20428	ae6fcfd58d7afe47e0678f32f5a36635	MARIA DEL PILAR CORAL	\N	f	t	24	f
4503	CV20427	74a78b8aec181c3e27c1ff11686c34d2	MONICA JULIET TREJOS	\N	f	t	24	f
4950	CV768	097342daf3516f1204c126e679a6f207	MIRELIA  LUCERO DIAZ	\N	f	t	26	f
4777	CV20222	738f063096b06fa26a54bc9af553dd89	YENI LARET SANCHEZ	\N	f	t	24	f
4793	CV20577	a53753586300d2760de00fa251f5622b	LEIDY ADRIANA PERNIA	\N	f	t	24	f
4589	CV20343	c32a843dc913e72a15e2e302427d9b37	NANCY LUCIA GOMEZ	\N	f	t	24	f
4587	CV20346	763a944dcdf49c5a84b4a75f9c17ad8b	MAYORI MORALES	\N	f	t	24	f
4604	CV20738	83d6b1828ef53af0078db8dab8edcc98	ADRIANA MENDEZ	\N	f	t	24	f
4662	CV20718	d1bdf417c803ed72e2b9fcc03ef299b8	ANA MILE GUTIERREZ	\N	f	t	24	f
4583	CV20745	0c49fdd29836c39872e728c65b807836	FANNY JOHANNA HIDALGO	\N	f	t	24	f
4615	CV20732	b1ff5678165439417920b36e399783e8	MARIA ANGELA MONTILLA	\N	f	t	24	f
4610	CV20734	b82df2d315c01103d8aa5a06a686d16c	MARTA GISELLA MOSQUERA	\N	f	t	24	f
4636	CV20729	d5aa6c2a5ab913dd889ca7eeb18a6e39	CAROLINA PEREZ	\N	f	t	24	f
4701	CV20664	ead7aabbf9f2f7430a2017385cfa65b3	DARLY DEL CARMEN ASJUNTAR	\N	f	t	24	f
4673	CV20710	dc5aa1f6b825c6bec401eb3d5fadadf7	ADRIANA PAZ	\N	f	t	24	f
4708	CV3430	807a7d7d489b7556eb608c4545b8a864	VIVIANA MORENO	\N	f	t	27	f
4688	CV2365	ea4534dc702d4ba9997c550aed442961	LICETH LOZANO	\N	f	t	27	f
4978	CV5335	e7769185be38682d98119c04d1fb16a7	BLANCA YADIRA MARULANDA	\N	f	t	26	f
4945	CV12198	7ea61c593435208cca9e391576bc6458	LEIDY MARIA DIAZ	\N	f	t	25	f
4874	CV12302	f9878195651a67f9c372fd73f380a29f	NATALIA MENSUCUE	\N	f	t	25	f
4631	CV12101	728d1c54dd0b4d451ee46042101b629b	JHOANA PINTO	\N	f	t	25	f
5017	CV12168	95ce89a461ac9f8c74a25f6a5e5873f6	ELIZA TERESA PRADO	\N	f	t	25	f
4963	CV5341	929db0b9078df89ba5c4bce43ba68ae4	DENNYS ELIANA IDRODO	\N	f	t	26	f
4818	CV20208	f52b8bf914b7cde0135d456393dd3dc6	DORIS CAMACHO	\N	f	t	24	f
4830	CV863	07549b0ae14a83775e8321a07f1b555b	GLADYS AMANDA LOPEZ	\N	f	t	26	f
4801	CV20571	7466344fc2478eb1ef58cb739940e1fc	YUDY ALICIA CUENCA	\N	f	t	24	f
4612	CV20733	34ead5d8cd6a13526ef35bafafc1d2c5	LINA VANESSA BOLANOS	\N	f	t	24	f
5078	CV20062	c22bcb4bea8b61105e68e11a2176bd09	NATALI ALEXANDRA MANQUILLO	\N	f	t	24	f
4776	CV20223	1ea9c2e2ed50d5f60760fcefe3104af6	ELIZABETH ZEA	\N	f	t	24	f
4702	CV20300	ff88e6f9aca554ff99d63ef9bec37ee7	JANETH PEREZ	\N	f	t	24	f
4734	CV20647	53cd56710e34577c32b48eff295e475e	YANETH VARGAS	\N	f	t	24	f
4652	CV20721	a6b227d177db9ca28dde83b87c514020	ANA MARIA MUNAR	\N	f	t	24	f
4787	CV20616	32652d3333130a3eccc937cb7f686af0	YESSICA MARIA HERNANDEZ	\N	f	t	24	f
4657	CV20682	d2ecce88d6746934cee42011f4bc53ea	MILDEI LUCIA LINARES	\N	f	t	24	f
4803	CV20211	c29c54f1b9144707a9bdfb93f8b68e72	JOSE CUENCA	\N	f	t	24	f
4693	CV20703	b91fa0583c528cb4334c725a05b34105	PIEDA MOLINA	\N	f	t	24	f
4638	CV20728	10453684c04d83fc6102c0a51e8cdd10	PAULA ANDREA MINA	\N	f	t	24	f
4516	CV2078	b9a95487df79d61ae757734ad4b6fc84	CLARA INES ARANGO	\N	f	t	26	f
4493	CV12165	185e7f6766f5fa86ef73f45f97f6b9f1	INDIRA DIAZ	\N	f	t	25	f
4691	CV2004	040af08342b876fee63310d6e44d10e3	MARITZA CAICEDO	\N	f	t	27	f
5000	CV2099	1d7280fd740eff7a9570bc91957ef8f9	CONSTANZA PRADO	\N	f	t	27	f
4823	CV3337	80c93aa449ae5248a1e63c4d941d35b8	ALEXANDRA LOZANO	\N	f	t	27	f
4804	CV20179	45a9a466d8ded02a67841ec5ff239c87	PATRICIA GARCES	\N	f	t	24	f
4911	CV20116	c2509eafb69963bea28757e606497bbe	MIRIAN SOCORRO LOPEZ	\N	f	t	24	f
4790	CV5501	56d5fd44448e4d78c52792504c6d704f	MARILYN POSSO	\N	f	t	26	f
4800	CV2705	1b101e2ef00ecfe4e593a2bbdb1f6773	MARTHA VIVIANA MONTANO	\N	f	t	26	f
4890	CV20522	5a87f5d80d3c60fe6360ddfd95ea5eb8	ANA YULI CORDOBA	\N	f	t	24	f
4923	CV812	94dfe51a1f4ab11a20ab28a82c187fc1	OLGA LUCIA ZULUAGA ZULUAGA	\N	f	t	26	f
4794	CV20217	28d17b1bc561f27df5cc4b8a63c44c60	YOLANDA SANDOVAL	\N	f	t	24	f
4878	CV2585	83289f9479fcd3a592609688192f70f8	PAULA ANDREA MOLINA	\N	f	t	27	f
4948	CV3197	8ddafdf371c390fd1d0bbc99b6784b78	CIDNEY MORA	\N	f	t	27	f
4991	CV3214	48eb4d8142d0321445182b491cdfaabe	CARMENZA CAICEDO	\N	f	t	27	f
4858	CV2592	0c9b275513b88aaf53c351b717b90760	LUISA FERNANDA VELEZ	\N	f	t	26	f
4538	CV2069	e2746d4acb7aca4020c41a5aaee8fc93	MARIA BETSABE POSADA	\N	f	t	26	f
4700	CV20666	4f2f79a192c64e32ae193a4f37f4732e	YULI CAROLINA HOME	\N	f	t	26	f
4641	CV20726	511aeb61ea37b05371f19e5e8472e8ee	ROSA  MARIA CARDENAS	\N	f	t	24	f
4607	CV20736	07c5450331a386404e45d663deb32343	MONICA ROCIO PANTOJA	\N	f	t	24	f
4795	CV20574	daefc5c2ab1cf6a2d04d1cd12bd66c77	PAOLA ANDREA SILVA	\N	f	t	24	f
4789	CV883	61470677ac53cc59e76330e5aa116df3	MARIA OLIVA ESCOBAR	\N	f	t	31	f
4596	CV5196	3d8490cac247768bfb8995d3a4ea18e8	MARIA EUGENIA ARTEAGA	\N	f	t	31	f
4779	CV93	55bd92a665d8e737f2b8353a777a3b8a	ALEXANDRA VILLA	\N	f	t	32	f
4588	CV257	a422135bec041e54af0d0a4cbdbc05a3	LUZ MARINA PAREDES	\N	f	t	31	f
4732	CV954	49171b15ee84a06b7e02953a72745762	AMALIA ORDOÑEZ	\N	f	t	31	f
4576	CV2442	3e7df634b5141ca7775ce8fe75ff4f4f	BLANCA LIBIA MENDEZ	\N	f	t	31	f
4568	CV264	f15b437e7522ce0edcc64efffffd469a	JANNETH CARDENAS	\N	f	t	31	f
4733	CV7255	dde221be48fe13a71d6e72d2b21eb4e0	MARIA ISABEL SUAREZ	\N	f	t	31	f
4594	CV251	9833ac2df4aeaeb5781e4428a57ca44d	MONICA PATRICIA CHAMORRO	\N	f	t	31	f
4517	CV689	481b847e85497d7d73422340a6bb62db	CRISTINA GUTIERREZ	\N	f	t	31	f
4955	CV2154	3af50470c72735b565b486d6ca8ce1ec	GLORIA MILENA GUTIERREZ	\N	f	t	31	f
4718	CV204	66a6f49a3266fe91e54c4feff7faf90a	MARIA NADIA PEÑARANDA	\N	f	t	31	f
4805	CV87	01f7c1ad2a976a9ae78290691f12ff0e	MAGDA LORENA PACHECO	\N	f	t	31	f
4996	CV2492	3599d6d262a95e8cd58a539f70f3a811	CLAUDIA ERAZO	\N	f	t	31	f
4742	CV2694	7f459e631a61cc4d388ec1744ef1d40d	DORA INES MARIN	\N	f	t	31	f
4540	CV7014	21677bb4feb50256060bc45d6eb8923d	LILIANA AGUIRRE	\N	f	t	31	f
4520	CV1031	9e15a61293e06cf79a190d0448284adc	JORGE ELIECER COPETE	\N	f	t	31	f
4562	CV307	82671a3963e863738c9efb08b6a23913	NANCY PATRICIA MANCHABAJOY MANCHABAJOY	\N	f	t	31	f
4900	CV2576	c3ada8233c616f8232727136e1c48f77	DIANA PAOLA RODRIGUEZ	\N	f	t	31	f
4666	CV2374	8a476b475f89f4e29ce149448de14767	ELIANA MALPUD	\N	f	t	31	f
4813	CV8254	128bfa229b895f491dbd433c8791e036	MARIA MAGADALENA AGUIRRE	\N	f	t	31	f
4879	CV838	f435a0ccfa58aed00bc5e232688909db	LUIS HUMBERTO CARDONA	\N	f	t	31	f
4586	CV259	b7e15f5463a3818565d4ede08899e3a8	CLARA INEZ HERRERA	\N	f	t	31	f
4681	CV2406	1e7184d036d93342a5b7c579ba3972ef	SOLANDRIA GONZALEZ	\N	f	t	31	f
4624	CV243	d8b6f34b8ed4ad117fe2703bb888e402	FRANCIBED MARIN	\N	f	t	31	f
4678	CV8753	da6b11d3f9161e0be171eaaf16c44165	MARIA LUISA PLAZA	\N	f	t	32	f
5074	CV915	72a86026abb289634ec64d7f3b544f0c	PAULA ANDREA YUSEF	\N	f	t	32	f
4679	CV184	23a66c299ffcaa01558c2f3ed0ce148c	LUZ MARY TRUJILLO	\N	f	t	32	f
4712	CV4908	4ba77e0e130a8cab357aaa77e519ee9f	GABRIELA JARAMILLO	\N	f	t	32	f
4829	CV1214	48eb4d8142d0321445182b491cdfaabe	MARTHA LILIA CASTILLO	\N	f	t	32	f
4697	CV972	59e74a2a14cf7b1993bfc73afa8e54e8	SANDRA LILIANA GETIAL	\N	f	t	32	f
4913	CV385	dad2fd502d209b12ac27f451b0b9c17e	BELDANI ANDREA NIÑO	\N	f	t	32	f
4848	CV852	3b44a5af8f8cfdfecd557ed88d9fd379	JENIFER ARENAS	\N	f	t	32	f
4731	CV956	6b46c912cebf445f767a96ef5b1ca9b0	OLIVIA HURTADO	\N	f	t	32	f
4834	CV1212	18d4ac1ebab3cfd3ce6235f062f3d020	MARTHA C. BECERRA	\N	f	t	32	f
4696	CV973	4b926a8e00152707618cda999aefa847	LILIAN CARINA LONDOÑO	\N	f	t	32	f
4747	CV942	87057052b5ecc5137c2a8dab9c6a2e2a	ALBA ROSA GARCIA	\N	f	t	32	f
4943	CV8541	58c2cca940fad41f7e3696916153f693	ESTHER ROJAS	\N	f	t	32	f
4566	CV6282	378743f5e02737849e09e84b49df90cb	MARIA DAMARIS VILLEGAS	\N	f	t	32	f
4831	CV1572	5edf4d873ae3b78e7c5934cbdb9e466f	RUBIELA SANCHEZ	\N	f	t	32	f
4560	CV8043	c099555554df77604ee7758656c46b46	LUZ MINDALIA BEJARANO	\N	f	t	32	f
4527	CV285	5f24d5a944796cd652bc90e394b40dd6	ROSALBA ROMERO	\N	f	t	32	f
4836	CV103	ebfbe92b00bb7d90ec17f41ab9f4e04e	JENNIFER GARCIA	\N	f	t	32	f
4946	CV2551	964e55ea520afcb3040a02cf49c27f51	MARIA DEISY PARDO	\N	f	t	32	f
4845	CV1961	eab646d54201b4b0d963f4e123e52059	HUGO ERNER URIBE	\N	f	t	32	f
4668	CV984	790b90264ed866e6ed9647ed0017e845	ALEJANDRA MARIA SOLARTE	\N	f	t	32	f
4735	CV7251	78383bbe4cbe100329284f5dad4891b8	MARIA BETSABE LOZADA	\N	f	t	32	f
4840	CV66	1551065de052df60157253fd61aa36b2	MARTHA LILIANA VASQUEZ	\N	f	t	32	f
4660	CV2414	5b2e503d1bd27e18f59408a02149f714	MARIA DEL ROSARIO MAZUERA	\N	f	t	33	f
4616	CV642	4ea752799e18e5d6003b8bb8a12878d3	OLGA LUCIA PERDOMO	\N	f	t	33	f
4808	CV8656	bd3888f59e5a1218d1f6e3f50e3d0ea9	JOSE RUBER BURBANO	\N	f	t	33	f
4762	CV899	c9e39fd17e9c5d009204a36fe0177587	MERCEDES TERESA TRUJILLO	\N	f	t	33	f
5019	CV2520	861177a6a7b27567d5e0a643ae8a47de	CLAUDIA PATRICIA FERNANDEZ	\N	f	t	33	f
4883	CV2222	738f063096b06fa26a54bc9af553dd89	CLAUDIA PATRICIA VIDAL	\N	f	t	33	f
4838	CV101	728d1c54dd0b4d451ee46042101b629b	LUCERO ESMEIDA URIBE	\N	f	t	33	f
4860	CV843	0459e22d9e7cb177874a204919ded568	ELIZABETH HORMAZA	\N	f	t	33	f
4533	CV719	4a95bf9829f9d9e614f8c1d10e9caf08	MARIBEL VASQUEZ	\N	f	t	33	f
4719	CV202	694c071ec94179175d041fb6bd592203	ZOYLA PATRICIA QUINTERO	\N	f	t	33	f
4917	CV2209	b1d10e7bafa4421218a51b1e1f1b0ba2	LUPE TORES	\N	f	t	33	f
4585	CV652	d66d0a99b30b10a68b36f53b69a7d0b6	DAYANA ALEXA GONZALEZ	\N	f	t	33	f
5004	CV1051	70479d0871d67302952a3a0d5f191958	SULAY CARVAJAL	\N	f	t	33	f
4504	CV8071	e0e369dd0bd34cf9a3f19ff10c04a868	MARIA NENFER SANDOVAL	\N	f	t	33	f
4786	CV886	770848cc1e6ebf126b5e9639755d9655	ARGELIA LUCIA CALVO	\N	f	t	34	f
4514	CV2472	6cbe3e64d1c0a4cd1cd2f2244e94b81d	MONICA OCAMPO	\N	f	t	34	f
4844	CV4002	cf170db667fe7e012b23abcf20b1e59d	PEDRO CLAVER MENESES	\N	f	t	34	f
4522	CV4620	0159be79df12982d0f9e9878e1117faf	HEBERT AUGUSTO POSADA	\N	f	t	34	f
4656	CV237	c6fae4ffe8e3959382901eef629febb7	MARIA ISABEL MARTINEZ	\N	f	t	34	f
4812	CV912	2ddbb3706dccc219b56424955bb01b0f	MARGARITA DURAN	\N	f	t	34	f
4909	CV782	b420fc57c81ace53f30708813e088fb8	DIANA CAROLINA CORTES	\N	f	t	34	f
4924	CV778	42147a860f5bf60688452198490a6059	CLAUDIA PATRICIA HENAO	\N	f	t	34	f
4769	CV891	1b75e02c461dda2736afefca41a85d7f	DEIBY YAMILETH ROA	\N	f	t	32	f
4815	CV1582	cbd3354e78f4f00f675cc73b31e96f9c	WILLIAN BEDOYA	\N	f	t	34	f
4579	CV1009	f249228d780f6345f22d75cc58d53cb4	NANCY ORTIZ	\N	f	t	34	f
4901	CV2575	d4d0e65158aff11e0493a0e70bdbb7ee	MARIA ELSY TURIJANO	\N	f	t	34	f
4928	CV2161	f9be311e65d81a9ad8150a60844bb94c	ANA YELLY DIAZ	\N	f	t	34	f
4937	CV12	d851a17d01773e735255b245cbb97ad3	SONIA ARENAS	\N	f	t	34	f
4768	CV892	74bf8cc981868855c9ace6a295f7308b	CIRO ALFONSO ALVARADO	\N	f	t	34	f
4953	CV766	bfb98eb73e26b1475fdeaa5fdd333a13	LUZ ANGELA LOPEZ	\N	f	t	34	f
4758	CV939	e0b033e1a8f9907f337cb3af68611e8e	LICETH ADRIANA SUAZA	\N	f	t	34	f
4499	CV2480	f92c89438aed6a25be10a499f60e9b23	ANA DERLY ADAMES	\N	f	t	34	f
4740	CV2697	fbd5fe37f76ec87916fd87a64ae5740d	KELLY ANDREA SANDOVAL	\N	f	t	34	f
4646	CV993	4f7a1a550b878b3109b57ebcddb5ba5d	CLAUDIA PATRICIA BENAVIDEZ	\N	f	t	34	f
4705	CV176	2a1bc8f64eeac078ec86f763ed03cfb8	ALEJANDRA MARIA ROJAS	\N	f	t	34	f
4833	CV862	993bffaad49b6a1a552e9e98c8bf7e02	PATRICIA MORA	\N	f	t	34	f
4892	CV38	99a113884f1a9d1bcc5a836901f8a4fc	ANGELA MARIA MORENO	\N	f	t	34	f
4784	CV923	066d920dd26edfb0095faa952ac59943	CLARA INEZ GARCIA	\N	f	t	35	f
4819	CV116	c2509eafb69963bea28757e606497bbe	OLGA INEZ AGREDO	\N	f	t	35	f
4756	CV2687	4460e9f610adfbbbba05a9c0165d4d8e	MARY LUZ VARELA	\N	f	t	35	f
4887	CV2183	3c4d9277d7ad1ab613c892e966845e54	PAOLA ANDREA LOZADA	\N	f	t	35	f
4814	CV911	063d90de83a999ff445523893a1cbf09	CLODOSINDA ESPITIA ESPITIA	\N	f	t	35	f
4518	CV686	6a63cd271be68e273b4d26517b6eeee3	MARIA FAISULY CHITAN	\N	f	t	35	f
4743	CV2693	eb4adbc3942051cabcc0386d2383bdfd	NORA MARIA AUX	\N	f	t	35	f
4498	CV2481	cb4eebd33104efd7776aafd97d43047d	CINDY SOTO	\N	f	t	35	f
4902	CV2574	daefc5c2ab1cf6a2d04d1cd12bd66c77	ALEXANDRA LENIS	\N	f	t	35	f
4637	CV2387	ab2fd8d9e9b2fd147ffc554890fc2eca	SANDRA PATRICIA VILLA	\N	f	t	35	f
4970	CV2540	77316b8887fad337cfdecc7a3ec9cd9a	ANGELICA SOTTO	\N	f	t	35	f
4957	CV762	8658520c8f905e4205122521a9ba892b	MARIA ROSMIRA GOMEZ	\N	f	t	35	f
4567	CV4564	9eefc8617035754862e87dd61963e484	MARIA ELCY GUEVARA	\N	f	t	35	f
4866	CV44	cbac2e51001a85debe96500c755435e6	CLARIBEL COLLAZOS	\N	f	t	35	f
4565	CV660	cc8287368a4bcfddbcc7c4c18b27bada	LEYDI JULIEHT MARTINEZ	\N	f	t	35	f
4781	CV929	90a2679b2fa483c59b12a5e7ccc0fbcc	MARIA VERONICA HERNANDEZ	\N	f	t	35	f
4529	CV282	378743f5e02737849e09e84b49df90cb	CARMEN GONZALEZ	\N	f	t	35	f
4773	CV137	f1117031cdbc7c92a7f4804ed52d9fe0	NELLY OBANDO	\N	f	t	35	f
4898	CV2578	e7cae39e377f1f5619b40d12da3142f5	SANDRA PATRICIA MARTINEZ	\N	f	t	35	f
5077	CV610	4ebe86fa0464fe3457045a543c2c61c8	YULY PAULIN CUBILLOS	\N	f	t	35	f
4766	CV894	17170d0447c218acaa694310e9ff0b7c	ROSA MARIA VALLEJO	\N	f	t	35	f
4671	CV982	4cf25bfd4eaaa1b4d34de505efdc2562	DIANA JOHANA CASANOVA	\N	f	t	35	f
4920	CV2564	9eefc8617035754862e87dd61963e484	CARLOS JUAN SALAZAR	\N	f	t	35	f
4821	CV79	a94f6f3c02a2726a526aa6b209d73e0b	GLORIA INES HOLGUIN	\N	f	t	36	f
4806	CV86	52c74fb6374a845d569a6583bcf08e5c	ELIZABETH PEÑA	\N	f	t	36	f
4775	CV135	d48d3d8bd28cf0e70ef5547f1648ad93	FLORENCIA ARANGO	\N	f	t	36	f
4619	CV249	faa06cb9546dc2c580523ec9c920cd2f	MARIA AYDEE REYNA	\N	f	t	36	f
4595	CV250	e197a45073b221ab28576706c05097d8	MARIA EUGENIA LENIS	\N	f	t	36	f
4553	CV2457	45f7218c77826ea892f950c7b2aadd43	GEOVANNA PATRICIA POSSO	\N	f	t	36	f
4974	CV757	e32456ba97b18c3854e0bc09b28e3c14	CARMEN RUBIELA CAMPO	\N	f	t	36	f
4785	CV921	40d34d10f75610288923c4bb219d3477	VICTORIA EUGENIA SAAVEDRA	\N	f	t	36	f
4730	CV957	428d86ce4d5a30041b95e693dff00a00	ANA SOBEYA VELEZ	\N	f	t	36	f
4711	CV968	68ca5f23912d69b0c0fb68a88f6ade6b	LUSSEINY ZORAIDA SEGURA	\N	f	t	36	f
4674	CV980	314ce471a40185dcb6edf1147de7b88d	NIDIA ROJAS	\N	f	t	36	f
4651	CV992	8098f486f3381f571cca791914703c98	YANETH GARCIA	\N	f	t	36	f
4645	CV994	35b61106b1a3f5ee859ae1c2758b4fd7	YULY ADRIANA MUÑOZ	\N	f	t	36	f
4677	CV2409	6628761d178be96f9b905917a003ce9f	MARIA DOLLY QUINTERO	\N	f	t	36	f
4630	CV2424	7ae01b519b1e73802f12a0cd3ade2842	MARIA ELENA USECHE	\N	f	t	36	f
4999	CV2490	8e4435e26c0e5a9378ec9757530adf02	DORALBA PEÑA	\N	f	t	36	f
4919	CV2566	355df895943013ee3af42f584f74d95a	DIANA FERNANDA FORERO	\N	f	t	36	f
4572	CV2448	b159d9deacbe8ec1d303f1d35eaec445	SONIA YANETH MORENO	\N	f	t	36	f
4855	CV50	8c1af1af37fd4db41e7e7ac994f57c41	SANDRA MILENA LATORRE	\N	f	t	36	f
4532	CV2468	3ed6213ce53aa3945c772d89fc2746ca	JANETH PORRAS	\N	f	t	36	f
4965	CV2546	c77ee8c2dffcd15dfaf7db3d7d6e2fab	PAOLA ANDREA GARCIA	\N	f	t	36	f
4608	CV2394	f2669c69f226e367abe5ed4fbae90e9a	TATIANA MARCELA OSORIO	\N	f	t	37	f
4947	CV804	21c2c6164db8715304f5c3048fa68104	FLOR MARIA URBANO	\N	f	t	37	f
4809	CV918	cb7da87aa3eb68de7a8df68bdb464e32	PATRICIA MORALES	\N	f	t	37	f
4561	CV667	c002aa655a38fc2a4ac22a190fa892d9	ILIANA LONDOÑO	\N	f	t	37	f
4861	CV1154	3af50470c72735b565b486d6ca8ce1ec	MARTHA CECILIA GOYES	\N	f	t	37	f
4682	CV180	55c6470d5ae853b11422ca5137985776	SANDRA YAMILETH RAMIREZ	\N	f	t	37	f
4767	CV533	452cfdda0b11ec6d7cb9103f4798dc84	CAROLINA BENAVIDEZ	\N	f	t	37	f
4796	CV126	bc9b41318f2d95964042c19c4abf199c	MAYELIN MUÑOZ	\N	f	t	37	f
4761	CV932	6151a48c0aef4b876de67f2a38aee477	SILVIA ROCIO MEJIA	\N	f	t	37	f
4817	CV4777	e55a6864d57a60b12992192b40a4c958	MARCELA VALENCIA	\N	f	t	37	f
4598	CV2439	9f30a12f4d6855ee7349e65ea737b4bb	GEOVANA BEDOYA	\N	f	t	37	f
4703	CV211	c29c54f1b9144707a9bdfb93f8b68e72	FRANCIA ELENA LOZANO	\N	f	t	37	f
4811	CV914	46deecde676f0511a856247a9c25eb7e	MARIA MERCEDES SALAZAR	\N	f	t	37	f
4643	CV2383	acefc8c222e20efdb8062be5aaf81408	BRILLITTE CONSTANZA IZQUIERDO	\N	f	t	37	f
4670	CV983	8a68b1dc9aa7cd4bd15cabf5175f7db1	PAOLA ANDREA DELGADO	\N	f	t	37	f
4929	CV7076	d1c765337018576b973c5a5d81892ace	BLANCA MARINA MUÑOZ	\N	f	t	37	f
4613	CV2391	1e2e12b610e1bfb7cd0ea0f52bfef9ef	ANDREA NATALY CASTAÑO	\N	f	t	37	f
5036	CV383	acefc8c222e20efdb8062be5aaf81408	ERIKA CEDEÑO	\N	f	t	37	f
4620	CV247	7ceb388febfa67c929bc8a9f1829a50d	SANDRA LILIANA CATAMUSCAY CATAMUSCAY	\N	f	t	37	f
4558	CV2451	67d9f484678baa6c379e74f5bf9a0159	YARIDZA ALEXANDRA ESTUPIÑAN	\N	f	t	37	f
5018	CV2488	fbd203a221da919ec2624d7f71944b8f	SANDRA MILENA GONZALEZ	\N	f	t	37	f
4903	CV2572	5edf4d873ae3b78e7c5934cbdb9e466f	NANCY MONTOYA	\N	f	t	37	f
5051	CV244	3086b1e5a98adcdc59f5e1cbf512fadb	MARISOL ACOSTA	\N	f	t	37	f
4771	CV890	66f8bd385d3318b3f97ba771df4aaedc	DALIANA VALLEJO	\N	f	t	37	f
4508	CV295	c45d4d2257b68b57f27d517d0b160470	MARIA DE ROSARIO ESCOBAR	\N	f	t	37	f
5073	CV679	c1fed15fc2de61eeefc5959eed5e77e2	MARIA ALEJANDRA RAIGOSA	\N	f	t	37	f
4648	CV634	c9c4aa3d3b31b782278986001db025e8	YURANY VALENCIA	\N	f	t	37	f
5037	CV2499	9538f509d6b2522e3020f983d90dd244	SONIA ACOSTA	\N	f	t	37	f
4689	CV2005	f15dd5bd5e9d2235645442c90cda1ae6	MONICA ALEXANDRA CABRERA	\N	f	t	37	f
4738	CV2699	7775d54f33ab5e76e4db4975d869f33d	MIRALBA REINA	\N	f	t	37	f
4749	CV7241	8b8b4c07f53225cedb59fb9746140095	MARIA NOHEMY PEÑA	\N	f	t	37	f
4907	CV786	c7f53b73fdaacf65c87720feecab7ade	JINETH LOTERO	\N	f	t	37	f
4870	CV8611	3fcea3a8c80464daa71ed19764582f6a	LUZ DARY ALVARADO	\N	f	t	37	f
4975	CV2141	dda7f5a793b54dfab5b942e1953901f2	JORGE ARMANDO ALVARADO	\N	f	t	37	f
4792	CV489	3c4e2d8e8389519a668ca06ff80e919f	JUAN CARLOS SANCHEZ	\N	f	t	37	f
4543	CV4612	16cd35bc530b2b27be72304c87b8a68f	LUZ MARIA GARCIA	\N	f	t	37	f
4726	CV162	62add33ee93eaaf7dd4c528106cc7b44	LUZ ADRIANA URBANO URBANO	\N	f	t	37	f
4905	CV2177	a6004c84967c0aac9871288ec2fb239e	NIDIA LEIDER MARIN	\N	f	t	37	f
4710	CV969	88cfbe9a7cfa97f2e5f5da1fcbdb9ba3	DIANA CAROLINA GONZALEZ	\N	f	t	37	f
5016	CV2521	626ae87f72bb4da5f09f1bdb82c8c7c9	ANGELA LORENA PEÑA	\N	f	t	37	f
4531	CV2501	56d5fd44448e4d78c52792504c6d704f	DIANA MILENA ARANGO	\N	f	t	37	f
4884	CV833	a5b67c8bafd34912ff7a942b2b3d5b6c	MARGARITA MARTINEZ	\N	f	t	38	f
4602	CV2436	fafe565d7a52d65dc2fe1abe09450a6f	BERTHA JULIA OBANDO	\N	f	t	38	f
4714	CV963	a7feb4c3990b7571e1f6aba361f12ebb	JOSE DE JESUS BELEÑO	\N	f	t	38	f
4841	CV100	07184abcc5b57fc18bdd0d93a8bd0e15	ELIZABETH OCAMPO	\N	f	t	38	f
4765	CV897	c88265c49db4a1b373f5f62a383960f2	LORENA NUÑEZ	\N	f	t	38	f
4964	CV2547	9af6d7ecf4e389375ecf85cf5edfc2d3	MARIA VICTORIA MONTANO	\N	f	t	38	f
4986	CV2538	658aefa7523d4822938a1702da29bdd5	ROCIO DURAN	\N	f	t	38	f
4667	CV985	b33bd37eb43047e1367e44166d73c97b	MARIA ELENA MURCIA	\N	f	t	38	f
4997	CV2491	c5f0b3a27f009ec692021e8da5508e94	YENERY CHAMORRO	\N	f	t	38	f
4725	CV163	dac2b7e7066c7620607a95c94d238781	MARIA LUZDIVA MARIN	\N	f	t	38	f
4949	CV1870	374e44395d4edfe3585dd84b23f1df27	CARLOS ALBERTO RIVAS	\N	f	t	38	f
4515	CV2470	c739fdb3eb2cc2e617097f1266a654a1	ELIZABETH DURAN	\N	f	t	38	f
4614	CV2390	e3be8178ace930d0b1c9ec096781249e	ALEIDA MUÑOZ	\N	f	t	38	f
4577	CV2440	35756a1dd6b3aa0b2dcd0b17467901a1	MARIA DEL PILAR MEJIA MEJIA	\N	f	t	38	f
4661	CV989	3d7029e3dad7b78500136e52476486ba	MARLIN VIVIAN ESCOBAR ESCOBAR	\N	f	t	38	f
4897	CV2579	d1882fdb1abf7783633677b80e187dc4	JESSICA FERNANDA CASANAS	\N	f	t	38	f
4882	CV7139	9450fde167c0a20dbd735b4136d21c00	DIANA PATRICIA ZAPATA	\N	f	t	38	f
4932	CV1089	4d69dc6a98bb4d9f93c084cf1b827814	MARLENY PAREDES	\N	f	t	38	f
4908	CV424	7ae01b519b1e73802f12a0cd3ade2842	MARTHA JANETH BELTRAN	\N	f	t	38	f
4993	CV2533	452cfdda0b11ec6d7cb9103f4798dc84	FABIAN CABALLERO	\N	f	t	38	f
4967	CV2544	01a38df988f1742ae8c69df165267116	ALIX PATRICIA ZUNIGA	\N	f	t	38	f
4778	CV94	e1a68df83f04a53c22e5649795aaedcb	BLANCA STELLA GUEVARA	\N	f	t	38	f
4968	CV2542	fb6ba492b8fa0b264ad5fc016cb1123a	MARTHA LILIA CARDENAS	\N	f	t	38	f
5052	CV2426	d55099f7126f45b7b9f863d51c9c6754	LUZ ESPERANZA GONZALEZ GONZALEZ	\N	f	t	38	f
5006	CV2529	ead7e9e993f082c0cef6b6f4412c9df0	MARICELA MUÑOZ	\N	f	t	38	f
4729	CV958	dca07cc471aa880ed60e7d10ae8112b8	MARITZA SOTO	\N	f	t	38	f
4494	CV2485	a7c0ce38002e5ef879811112a914e113	LIBARDO DANIEL CRUZ	\N	f	t	38	f
4847	CV853	c761afa92e73b2c94f14265024f8c8b1	MARIA CECILIA BOHORQUEZ	\N	f	t	38	f
4541	CV319	24ecba9451851fb212415e061c2c9f4e	MARIA DEL SOCORRO HURTADO	\N	f	t	31	f
4759	CV2685	34672add6c1117cc9edef4ef55d47a21	JEPSI OLIVA CRIOLLO	\N	f	t	36	f
4535	CV2463	0fb3964d1c4ef63103d903d4961005ea	LEIDY VIVIANA MORALES	\N	f	t	31	f
4755	CV2688	c38f2c06303aad70e3275b985451a939	LUDIBIA SALGADO	\N	f	t	38	f
4827	CV507	720560bfd46352d349aefafbe85c4440	LUZ KARIME GONZALEZ	\N	f	t	34	f
4649	CV20722	f276d94c9baffac06a844278df6dec91	MARIBEL SANDOBAL	\N	f	t	24	f
4672	CV20679	c1fed15fc2de61eeefc5959eed5e77e2	BLANCA YANETH POLANCO	\N	f	t	24	f
4822	CV20561	900327b26f3b8e13517839123bea073f	NEREYDA NAVAS	\N	f	t	24	f
4669	CV20713	52abded96fe7a3258e8a9f6bfcc01289	ANGELICA GUTIERREZ	\N	f	t	24	f
4530	CV20371	5b28f5b2545b734290629ac081381888	BLANCA ELIDA SINISTERRA	\N	f	t	24	f
4584	CV20744	ef7e60d1809a05009087c8793c4d1871	GERARDO CESAR MEJIA	\N	f	t	24	f
4680	CV20272	66ae087e3237b78233b29995edf15d33	ELIZABETH LOZANO	\N	f	t	24	f
4704	CV20266	5ba0a403659fc32d02dc912e80890ae0	DORIS GONZALES	\N	f	t	24	f
4984	CV20440	35756a1dd6b3aa0b2dcd0b17467901a1	LIDIA PENA	\N	f	t	24	f
4951	CV12194	a1d4188c82e81bd3fdbf2c2c6cf7f478	ALBA LADY CASTRO		f	t	25	f
4495	CV12164	0ac99a230feb93cc4af64c745a08d533	BERNARDA MUNOZ	\N	f	t	25	f
4971	CV12185	aaac87d8dd940d554c2c012a574683c9	VIVIANA MARIA MERCADO	\N	f	t	25	f
4859	CV2591	053b2295a695827b017da6fd4b77864d	YESICA YISED ARANGO	\N	f	t	26	f
4707	CV3399	5b67be4b6d5c684f3af903695569627f	PAULA ANDREA MURILLO	\N	f	t	27	f
4537	CV3140	3659a3a97d9c2ff773e001053bf979d5	CONCEPCION DOMINGUEZ	\N	f	t	27	f
4549	CV5255	dde221be48fe13a71d6e72d2b21eb4e0	MARIA YANNETH GONZALEZ	\N	f	t	26	f
4745	CV944	3b33cbad3effd10bb2b4977347f8b0bd	SANDRA PATRICIA VELANDIA	\N	f	t	26	f
5096	CV20066	413821ca460374df54ad5a367a68b1b8	ALBA ROCIO DAVILA	\N	f	t	5	f
4979	CV5334	456cb82c7fb9402debd1ae0ddd6fffb2	ZONIA EVELIN BOTINA	\N	f	t	26	f
4990	CV2535	4c8078f1021185a546a5854568f59797	LEIDY BEATRIZ CARABALI	\N	f	t	26	f
4935	CV4315	5831460ee8401ad1bfe2b31a1d9d45b4	FLOREIBA MORENO	\N	f	t	26	f
4575	CV12122	4f3f22d4b9f3bbb7d9e12ff48b3caa0b	MARIA CECILIA PEREZ	\N	f	t	25	f
4954	CV12192	ce23b016c9bd4f8c435853feac821f9a	LEYDI MORA	\N	f	t	25	f
4524	CV2902	45ffd4462bf8833f204299ca7cc7287c	SUSANA BUITRAGO	\N	f	t	27	f
4973	CV12183	1f65a280e9581638c50a47e0fecd67d6	MARIA DEYANIRA FRANCO	\N	f	t	25	f
5009	CV3207	d5e2cdd5577634f8eee0fd54c0d96805	JENNY DIAZ	\N	f	t	27	f
4992	CV3212	18d4ac1ebab3cfd3ce6235f062f3d020	BLONDINED GONZALEZ	\N	f	t	27	f
4621	CV20334	456cb82c7fb9402debd1ae0ddd6fffb2	LUZ MARINA BOLANOS	\N	f	t	24	f
4942	CV3235	7b78cffe4d61a65ec5748612fbb4a1c9	ADRIANA GIL	\N	f	t	27	f
4918	CV2567	b90eb2ff88ce963efe4b9ff2dcb95e21	DELIA URBANO	\N	f	t	26	f
4698	CV11001	3b452e31192e33757dca23284abc0735	PAOLA ANDREA PLAZA	\N	f	t	25	f
4826	CV12330	0f3146ca270c75bf54a99eec79498133	LINA MARICELA ANGRINO	\N	f	t	25	f
4692	CV11003	a93d27e1a183c1b0c0b53db9bda79ffa	GLORIA CECILIA ARANGO	\N	f	t	25	f
4876	CV12300	ff88e6f9aca554ff99d63ef9bec37ee7	DIANA YAMILE FLOREZ	\N	f	t	25	f
4629	CV12103	ebfbe92b00bb7d90ec17f41ab9f4e04e	ROSA AMELIA RUIZ	\N	f	t	25	f
4872	CV12303	c5ea86bab62de94ece97ccfd97fd268f	DORALBA AGUIRRE	\N	f	t	25	f
4627	CV12107	ea2554f1524d3fdeab472eca264095f9	SANDRA LORENA GUTIERREZ	\N	f	t	25	f
4952	CV3193	cc2376b89b0355a7fd14681c6f1e4750	SARY PRADO	\N	f	t	27	f
4555	CV12134	90efd2927a28f49d2ddb167d6360606f	JOSE AGUSTIN SAA	\N	f	t	25	f
4721	CV1709	1569b6be2ef7606a98b19539050db08e	LADY ISABEL CERVERA CERVERA	\N	f	t	27	f
5053	CV2707	735fe59b923a00c7174dd8c4ea40502d	ANDREA OROZCO	\N	f	t	26	f
4865	CV12308	deef687d5f4b6c4f3d4638cbfe3bccee	DIANA BELIS DE LA CRUZ	\N	f	t	25	f
4709	CV3397	f072a87add0962ed03545f9ada6256ee	ANDREA MILENA VILLANUEVA	\N	f	t	27	f
4863	CV12309	9e9a0a41a25d2936457e9005b14e8260	ARIEL GUILLERMO ALVAREZ	\N	f	t	25	f
4981	CV5332	6fe561b68ad117b35c0c0f44ba1289f0	YOLENY AGUIRRE	\N	f	t	26	f
4534	CV12143	77f0a14c80342bb6ea251cf745ec240e	JESUSITA PEDROZA	\N	f	t	25	f
4980	CV5333	b733845b6f7dac49b6336161ae0a686e	ALBA LIGIA MANJARREZ	\N	f	t	26	f
4722	CV1708	488dfce8f1d6effd04bf605b2fa29b1f	LEIDY JOHANA GUERRERO	\N	f	t	27	f
4875	CV12301	55343babb7b84177abd0ea5577bcac34	MARIA CANDIDA NUNOZ	\N	f	t	25	f
4961	CV5343	c32a843dc913e72a15e2e302427d9b37	CONSUELO REBOLLEDO	\N	f	t	26	f
5002	CV1450	34ca1cb7ca3a39462ac2a9fbe8f93128	RODRIGO ANTONIO CUERO	\N	f	t	27	f
4983	CV14330	0f3146ca270c75bf54a99eec79498133	MARLIN BARONA	\N	f	t	25	f
4987	CV12217	28d17b1bc561f27df5cc4b8a63c44c60	ROSALBA MOSQUERA	\N	f	t	25	f
5010	CV12207	d5e2cdd5577634f8eee0fd54c0d96805	DORIS RUIZ	\N	f	t	25	f
4609	CV20735	64bd322ba2f5da59387b4daf015b1520	ANA LUCIA BETANCUR	\N	f	t	24	f
4690	CV20705	1b101e2ef00ecfe4e593a2bbdb1f6773	AURA DEL PILAR MIRAMAG	\N	f	t	24	f
4835	CV861	4f5419dcbc419860cd8f29145a7acd22	MARIA TERESA ROSERO ROSERO	\N	f	t	26	f
4915	CV2569	95f3f2b46445a292fd6bcbacf39caec0	LADY CAROLINA MORALES	\N	f	t	26	f
4570	CV12128	9a20b7863a004b14a3c6b678cd13a1fa	MIRIAM SOCORRO	\N	f	t	25	f
4633	CV12100	07184abcc5b57fc18bdd0d93a8bd0e15	SANDRA LILIANA OTERO	\N	f	t	25	f
4867	CV12305	fe5dd04db3cb7720e9d636be286a0fc5	AMANDA GARCIA	\N	f	t	25	f
4972	CV12184	23a66c299ffcaa01558c2f3ed0ce148c	DIANA MARIA OSSA	\N	f	t	25	f
4739	CV3410	baf0fd6cf4a5c3150662eb43a4a1c653	NINA ALVAREZ	\N	f	t	27	f
5001	CV2097	35c07b50c74377649e3f2449ce69776c	DORIS VILLANUEVA	\N	f	t	27	f
4642	CV20725	82e700009c0ade3634d443d7d1cb1267	RUBEN DARIO CAICEDO	\N	f	t	24	f
4574	CV12123	4ef29b5606148358430f1dbb1adab57c	MARILU VELEZ	\N	f	t	25	f
4824	CV12336	d8f31360d6d9cc7c41cc35e5cca7769d	YENNY LUCIA ERIRA	\N	f	t	25	f
4763	CV20628	23a407d2311f6eba8d995dd4157afdb9	NATALIA DRUZHININ	\N	f	t	24	f
4556	CV12133	982c368fb8f2d798cca9d41ddf086786	LILIANA CANTOR	\N	f	t	25	f
4995	CV12173	1f3ff0139d99291a2d0416b4b79f6105	DIANA LORENA PEREZ	\N	f	t	25	f
4684	CV20709	1569b6be2ef7606a98b19539050db08e	YEIMI SHIRLEY NUNEZ	\N	f	t	24	f
4699	CV20701	b89732892b146401c91a4ef38e4a8fa4	CLAUDIA PATRICIA PEREZ	\N	f	t	24	f
4548	CV20008	12f96d0d3f6e4bf00640758f9b25cd5c	MARIA ISABEL MURILLO	\N	f	t	24	f
4864	CV20137	f1117031cdbc7c92a7f4804ed52d9fe0	SANDRA VIVIANA GOMEZ	\N	f	t	24	f
5007	CV20036	bdf40de259cbe191ef120bf0319c2524	FERNANDA ALTAMIRANO	\N	f	t	24	f
4599	CV12118	ad112df45975331b04f4b3ce93627779	ZORAIDA ACOSTA	\N	f	t	25	f
4752	CV20235	7b78cffe4d61a65ec5748612fbb4a1c9	ALEJANDRA PERNIA	\N	f	t	24	f
4601	CV12115	4179b1d1d9ed119078decf399fd79150	SANDRA PATRICIA LOPEZ	\N	f	t	25	f
4628	CV12106	f90619779f6a9e60821e6bbca1a6416a	MIRYAM DEYBY BENAVIDEZ	\N	f	t	25	f
4554	CV12135	d48d3d8bd28cf0e70ef5547f1648ad93	MIRIAM YADIRA MUELAS	\N	f	t	25	f
4659	CV20280	b648da50ab0c57b52a59c1a2de0e168c	GISELA MARTINEZ	\N	f	t	24	f
4617	CV20731	1a74733f889fe0b9f0e6c511aa5e2418	CARMEN ADELA PATINO	\N	f	t	24	f
4939	CV20067	3e3fee0b4b71da33522d64ec26892991	PAOLA IPIAL	\N	f	t	24	f
4665	CV20716	36e94172a3b6fb38de5eed6eec1dd624	MARIA TERESA SANTOS	\N	f	t	24	f
4754	CV12008	12f96d0d3f6e4bf00640758f9b25cd5c	MARIA YOLIMA YELA	\N	f	t	25	f
4706	CV20265	d36e11bc9f47ff58bdb2576447fcf65a	EMILIA CUADROS	\N	f	t	24	f
4618	CV20730	cdd7dd59c5f12a29183a32142bc7defa	CARMENZA SANTOS	\N	f	t	24	f
4799	CV20213	61f1110f4da942b5e34af92fa873e004	ZULMA STELLA	\N	f	t	24	f
4592	CV253	abd9d8bc6ffcba74dff7e2851d1e74cb	YAMILETH DIAZ	\N	f	t	27	f
4877	CV2586	9ec713c1cf74067889e62e3218c1cf5d	SHIRLEY GOMEZ	\N	f	t	27	f
4782	CV2316	34908c6691520620537d780859d5479b	YOLANDA ESPERANZA MESIAS	\N	f	t	26	f
4854	CV5390	e3be8178ace930d0b1c9ec096781249e	LILAINA GALEANO	\N	f	t	26	f
4828	CV865	7248b41bfa624cfaece5ed17cd6ed852	LUZ MARINA ARAUJO	\N	f	t	26	f
4695	CV2361	4fae2740b97488ff08faf9bd571734a2	ANGELA MARIA OREJUELA	\N	f	t	27	f
4647	CV20723	bc50eb587bf73cb72f1b030cfd966701	MARIA ASCENETH CONTO	\N	f	t	24	f
5014	CV3203	b3f731dffd1e0a2ff2a8ffc359f83770	LILIANA DIAZ	\N	f	t	27	f
4497	CV12161	2f916eb5dce87e9b4c2d021c464c954d	NORBERTO ORTIZ	\N	f	t	25	f
4512	CV12159	18e5f4961543212e2bca3c75e3955d6b	MARIA EMMA DIAZ	\N	f	t	25	f
4513	CV11117	b4b7217b2a1c88609a4252b79e4b9ec8	LUIS ALBERTO SAAVEDRA	\N	f	t	25	f
4715	CV11351	c72161369bbad4cd4f49bd52cc94de14	OLIVER GARCIA	\N	f	t	25	f
4791	CV10231	4e34557bff597cc82425d2dbfd6a7d82	LUZ MERY FLOR	\N	f	t	25	f
4857	CV11234	61b71c0ec31e29aeb655456fc1f4c653	ENCARNACION MORENO	\N	f	t	25	f
4989	CV12216	f1f4c12e2ee8db27c3fa617fa0fdc97d	OLGA ELSY BARONA	\N	f	t	25	f
5020	CV12167	1ada5ffdf22c632c1c18820409bfbb42	MARIA ELIZA MUNOZ	\N	f	t	25	f
4998	CV12170	e0e9d949ce78a5d16007ad59f6ef9e46	MARIA TERESA IPIA	\N	f	t	25	f
5011	CV12206	806e9ad98cd7cd4884a57b7051146cfa	ENEIDA LLANOS	\N	f	t	25	f
5013	CV12205	29774583c0c3bbf9611322c7eab3a2bd	GLADIS LEDESMA	\N	f	t	25	f
5015	CV12169	d979c519bfd6ff236878f3e7117adbcd	ANA MILENA PEREZ	\N	f	t	25	f
5072	CV12163	dac2b7e7066c7620607a95c94d238781	CARLOS ALBERTO SAA SAA SAA SAA SAA	\N	f	t	25	f
4496	CV12162	62add33ee93eaaf7dd4c528106cc7b44	LUZ MERY CUERO	\N	f	t	25	f
4597	CV12119	ee8bf6f7a2267dedc758cc85bc4795f3	DIANA ZUNIGA	\N	f	t	25	f
4916	CV20076	d1c765337018576b973c5a5d81892ace	JENNY ISABEL RIVERA	\N	f	t	24	f
4797	CV20214	48eb4d8142d0321445182b491cdfaabe	SANDRA PATRICIA ARCE	\N	f	t	24	f
4644	CV20724	242353443e9d3373fa62b796c3b9ac02	JANETH ESCOBAR	\N	f	t	24	f
4914	CV20078	b9a95487df79d61ae757734ad4b6fc84	ROSARIO GUADALUPE TOVAR	\N	f	t	24	f
4850	CV20546	c280cbdd374f135c1a4fa41800de808e	LUZ ADRIANA ORREGO	\N	f	t	24	f
4573	CV12124	f5c6b56068ad4d23bc17fe3688bbab89	SANDRA PATRICIA TAMAYO	\N	f	t	25	f
4723	CV3425	e673d612111d44b0e5c96d5b04800e0b	JAVIER ANTONIO CHAVEZ CHAVEZ CHAVEZ	\N	f	t	27	f
4720	CV20255	dde221be48fe13a71d6e72d2b21eb4e0	DANIEL ARRECHEA	\N	f	t	24	f
4724	CV20252	f96bcaff3fcc7d6269ec5b71b01f84d5	MARIA DEL SOCORRO CANCIMANSE	\N	f	t	24	f
4839	CV20158	5d345989b7c97902bea469b158b4550b	MAGNOLIA IDROVO	\N	f	t	24	f
4842	CV20156	0994c15e59dd64e2dfe024f07edd9023	WILFREDO VALENCIA	\N	f	t	24	f
4843	CV20152	476871361d365fd4dc9665ab3fcfabd1	LUZ MARINA LLANOS	\N	f	t	24	f
4894	CV20124	f5c6b56068ad4d23bc17fe3688bbab89	FLOR ISABEL GARCIA	\N	f	t	24	f
4896	CV20121	1174c7b88fc604470e5fcae37cbd4088	NUBIA ALEGRIA	\N	f	t	24	f
4910	CV20118	ad112df45975331b04f4b3ce93627779	MARILUZ GALARRAGA	\N	f	t	24	f
4936	CV20105	3bf8b262dae92668c2019ad9893ac37a	BIRNE JANIR CHUD	\N	f	t	24	f
4966	CV20052	dcfddbabfdbe2a47aa3fb58ab8dfb3f3	MARY LUZ CUERVO	\N	f	t	24	f
4569	CV20351	c72161369bbad4cd4f49bd52cc94de14	LUZ AIDE CAICEDO	\N	f	t	24	f
4868	CV20491	c5f0b3a27f009ec692021e8da5508e94	CONSUELO SALAZAR	\N	f	t	24	f
4893	CV20484	5b27bf5d028699f7d048ea4c8208a8ff	PAOLA ANDREA GUTIERREZ	\N	f	t	24	f
4906	CV20518	9f79c5370a5a0788b06047a493b384a1	LUZ NAIDA MONTES	\N	f	t	24	f
4925	CV20507	720560bfd46352d349aefafbe85c4440	ORFILA COLLAZOS	\N	f	t	24	f
4927	CV20505	925d3db0ece1bd385569c4b839fabdff	ALIRIA JAZMIN COLLAZOS	\N	f	t	24	f
4933	CV20468	3ed6213ce53aa3945c772d89fc2746ca	MIRIAN INES ORTIZ	\N	f	t	24	f
4958	CV20457	45f7218c77826ea892f950c7b2aadd43	DACIER RAMIREZ	\N	f	t	24	f
4960	CV20455	8ff52707f0db2a62fa333c0bcea56fda	LUZ NILA HERRERA	\N	f	t	24	f
4977	CV20447	969bef9e529dfeae1c9e51057bd730f3	MARIA CONCEPCION AYALA	\N	f	t	24	f
4578	CV20748	076d35e1de3834817ea04da5afcb4b83	LUZ STELA ARENA	\N	f	t	24	f
4591	CV20342	d1fb1d22e3e2971ada1038368dc0e747	SULLY GARCIA	\N	f	t	24	f
4593	CV20340	7dad23b7cf4a2538792a2e45f3d3bb73	AURA NELLY TOVAR	\N	f	t	24	f
4622	CV20333	b733845b6f7dac49b6336161ae0a686e	GRACIELA QUINTERO	\N	f	t	24	f
4625	CV20331	3d0ceb426d371db307a5ff4b845232df	STELLA CUAICAL	\N	f	t	24	f
4653	CV20329	fba863e891fb3ea5a78b9c8edf053505	MERLENE ROJAS	\N	f	t	24	f
4655	CV20328	b2f9c4d576ed70a5fcbfcfb167cbe5ba	SAMUEL ROMERO	\N	f	t	24	f
4772	CV20586	9ec713c1cf74067889e62e3218c1cf5d	MARICEL CHICAISA	\N	f	t	24	f
4626	CV20295	c45d4d2257b68b57f27d517d0b160470	ROSA EMILIA MORA	\N	f	t	24	f
4851	CV20545	4e0d3ed0db2faeed10d7299c2f6162d7	HILDA BOLANOS	\N	f	t	24	f
4837	CV20550	f4ff2363b2dd441c22407a408fdc1f70	MARTAH LUCIA CAICEDO	\N	f	t	24	f
4885	CV20527	596ca40ea774f8ae3bfe2704fc9ed7dc	CARMEN CAICEDO	\N	f	t	24	f
4888	CV20523	92e3d211fba1cb54b9d1305efd9e205f	MILDREY GRANNOBLES	\N	f	t	24	f
4519	CV20413	d82935d9153b98093fc6edf4bb07b58a	ANA FLORINDA OSORIO	\N	f	t	24	f
4542	CV20405	25ad328bfd703b9c4c22eda80ea12b37	LUIS FERNANDO BANGUERO	\N	f	t	24	f
4546	CV20400	0741fdb5809644684c58fa4779412960	HILDA SOLIS	\N	f	t	24	f
4606	CV20737	bb3140078c3c0defcde26583fb6c4783	MARYNELLA BANGUERO	\N	f	t	24	f
4507	CV20384	1a73783b6cf1b1357a7f853bfbc0f90e	PATRICIA NIEVA	\N	f	t	24	f
4509	CV20383	acefc8c222e20efdb8062be5aaf81408	ESPERANZA MUNOZ	\N	f	t	24	f
4510	CV20381	b5416206f9ab9981881a554045ebc51d	ANA MILENA RAMIREZ	\N	f	t	24	f
4511	CV20380	fd59c6e91538d2ac235e92a6a1e7db9d	MERCEDES PARRA	\N	f	t	24	f
4521	CV20378	064ee7048cd2802b9d229a2cb19a1548	MARIA EUGENIA RUIZ	\N	f	t	24	f
4523	CV20377	dde42b79fab76d3c051b2941027e9dd6	PIEDAD SILVA	\N	f	t	24	f
4525	CV20376	2ed429e439938e7a336f20691a7ec4ee	NANCY PUENTES	\N	f	t	24	f
4526	CV20375	2103315dcb232a20fad8e21908873e53	GLORIA AMPARO PEDROZA	\N	f	t	24	f
4528	CV20372	87c4494c411d2857cffef65e5674131e	SANDRA PATRICIA OBANDO	\N	f	t	24	f
4544	CV20369	3093fb6e4f4cd9c914a1227847082b3d	ANGELA MARIA ZUNIGA	\N	f	t	24	f
4545	CV20368	ac1a509753cea0b0a2fe64dd6e055be2	MARISOL VASCO	\N	f	t	24	f
4547	CV20367	2cfc76b925d1bda499cfe998bd738ed9	HECTOR GARZON	\N	f	t	24	f
4550	CV20366	41d6d3b5f8b34ef61da81b924b446c91	ALBA NELLY CASTRILLON	\N	f	t	24	f
4582	CV20746	57df28455f33f2171937d7c805d17c67	SANDRA PATRICIA HURTADO	\N	f	t	24	f
4798	CV20572	5edf4d873ae3b78e7c5934cbdb9e466f	BLANCA RUTH ROJAS	\N	f	t	24	f
4559	CV1378	064ee7048cd2802b9d229a2cb19a1548	FRANCIA ELENA VIEDNA	\N	f	t	37	f
4904	CV2570	347b78c9dcce70cdfe88f224ef7b01db	MARIA ADELA BENJUMEA	\N	f	t	37	f
4634	CV2421	d559d6228b3f6e3c129cafcac5fa3c75	ELIZABETH SOTO	\N	f	t	37	f
4764	CV5	2782a80a4f6e5ea7f2544479b1b76548	HEROELIA  AMPARO MUÑOZ	\N	f	t	37	f
4934	CV17	0fb7b4805aa31d8ae250ac8a01efcf3c	MARIBEL MONTOYA	\N	f	t	37	f
4581	CV657	35a5c6c1b17c52b169492fabe31f9a29	CAROLINA OCAMPO		f	t	34	f
5131	CV11005	f15dd5bd5e9d2235645442c90cda1ae6	RODRIGO ORLANDO QUINTERO	\N	f	t	25	f
5132	CV2708	488dfce8f1d6effd04bf605b2fa29b1f	CARMEN ROSA LOPEZ	\N	f	t	31	f
5133	CV20070	76f91fe7da0069b6e025b17107118105	AIDALY ARACELIZ LEGARDA	\N	f	t	24	f
5134	CV20069	e2746d4acb7aca4020c41a5aaee8fc93	YEIMI DEL PILAR MINA	\N	f	t	24	f
5135	CV20068	21a63481cf550e9aaf637b78b80e727a	ERIKA DAYANA ANGULO	\N	f	t	24	f
5136	CV2704	dc28dc16518fbbbe3bc03260b3702279	PAULA ANDREA DERAZO	\N	f	t	33	f
4741	CV8322	299a087643a31bf086a04ef93612ab8f	SOCORRO ROSERO		f	t	26	f
5145	CV694	7f459e631a61cc4d388ec1744ef1d40d	JESUS REINALDO PULIDO	\N	f	t	5	f
5146	CV2519	dc3046c6031d679b790679c0c626494f	FRANCIA SOLIS	\N	f	t	5	f
5147	CV270	d3c46ff0f6f9f1ed79f07d664b9f599b	NORY LADINO	\N	f	t	5	f
5148	CV2458	6076f95ed77b40d7487ba6ce54e3343c	PAOLA ANDREA ORTIZ	\N	f	t	5	f
5150	CV269	d3ba6f60e8847db8a7de87e7f41b9008	MARITZA BECERRA	\N	f	t	5	f
5151	CV1802	a2a03eadf5847fffa860d9359198d838	ANA MILENA MULATO	\N	f	t	5	f
5152	CV644	1233427cd0b58ea074f2f72ce2a542c6	BILLY MARTINEZ	\N	f	t	5	f
5153	CV2429	4033a9f0e0ef4c53321b5df045b6e859	VICTOR ADOLFO MONTENEGRO	\N	f	t	5	f
5154	CV2422	266a38ae2af3ab42acc58dda45ca1382	ELIZABETH VALENCIA	\N	f	t	5	f
5156	CV998	713d3166564ab3157aaf02a4d21271f7	SANDRA PIEDAD AGUIRRE	\N	f	t	5	f
5157	CV997	6e431438de40123490a432165bc8344a	NEREIDA CASTRO CASTRO CASTRO CASTRO	\N	f	t	5	f
5158	CV2415	8889b888eee39c569ffee0c3f848a43c	SIRNEY HURTADO	\N	f	t	5	f
5159	CV2375	2103315dcb232a20fad8e21908873e53	PAOLA ANDREA HERNANDEZ	\N	f	t	5	f
5160	CV8002	cf170db667fe7e012b23abcf20b1e59d	PATRICIA BEJARANO BEJARANO BEJARANO	\N	f	t	5	f
5161	CV224	973a3b981b2b34da822a44944fffce1b	KATERINE MOSQUERA	\N	f	t	5	f
5162	CV8754	4abd683c77c480fe8aa659775f453f76	CONSTANZA OCHOA	\N	f	t	5	f
5163	CV2369	3093fb6e4f4cd9c914a1227847082b3d	VIVIANA ORTIZ	\N	f	t	5	f
5164	CV978	1ad8604f4b84a24da01dbcf233abc8e7	MARTHA LUCIA TABORDA	\N	f	t	5	f
5165	CV1670	1d760a5d35e0150e9b57990ce04507a8	AIDA SALAZAR	\N	f	t	5	f
5166	CV161	2f916eb5dce87e9b4c2d021c464c954d	SOFIA VELEZ	\N	f	t	5	f
5167	CV1655	2f1ad8a41f22057364a13ead13487996	SANDRA MILENA ORTEGA	\N	f	t	5	f
5168	CV4448	b159d9deacbe8ec1d303f1d35eaec445	ALBA LUCIA RAMOS RAMOS	\N	f	t	5	f
5169	CV936	a6fc7933df5d954b88fc046207112ce4	SANDRA MILENA CASTAÑO CASTAÑO	\N	f	t	5	f
5170	CV1639	c68262a0698b9648fd9f855ad3df1b35	FIDELINA ORTIZ	\N	f	t	5	f
5171	CV2709	1569b6be2ef7606a98b19539050db08e	JOHAN CANDELO	\N	f	t	5	f
5172	CV1977	acf1873afbe712a559bf4876c4a56168	LUZ DAMARIS ROJAS	\N	f	t	27	f
5173	CV2251	78383bbe4cbe100329284f5dad4891b8	LUCIA ESPERANZA GOMEZ	\N	f	t	33	f
5174	CV2242	627c856f1d7a2b6b51360067d8fc48e8	FABIOLA NIEVA	\N	f	t	5	f
5175	CV3319	24ecba9451851fb212415e061c2c9f4e	GLORIA CALERO	\N	f	t	5	f
5176	CV1945	483b604f9e2d3e9ea44efa55f6699224	SANDRA PATRICIA VASQUEZ VASQUEZ	\N	f	t	5	f
5177	CV2583	252ed93a683e20bbb66fd92ea0b4dfad	WILMER CAICEDO	\N	f	t	5	f
5178	CV2582	cbd3354e78f4f00f675cc73b31e96f9c	EDNA CAICEDO	\N	f	t	5	f
5179	CV2580	cd5190743d004c957fbd8b080061c0c1	SURY ANDREA BOTERO	\N	f	t	5	f
5180	CV2184	23a66c299ffcaa01558c2f3ed0ce148c	MARIA TERESA MENDOZA	\N	f	t	5	f
5182	CV2563	f1ff5d34894eaae856ea9afdf87a3c67	ELENA PATRICIA MURILLO	\N	f	t	31	f
5183	CV772	addd0e108fa5c0302c68d9c321bbbef6	SANDRA LILIANA CLAVIJO CLAVIJO	\N	f	t	5	f
5184	CV3631	206526add934a027c452c209c9e42d68	ANA DEIDA ALVARADO ALVARADO ALVARADO	\N	f	t	5	f
5185	CV2556	3f045b530b510b8190868cedcceef0c4	YURLEY KARIME GARCIA	\N	f	t	5	f
5186	CV1909	71dd58c1befcb83211ccd1a7e8142c96	LUZ DARY OROZCO	\N	f	t	5	f
5187	CV3609	755cffe568cc1e145ba96d0eecd89f2c	ELIZABETH VERGARA	\N	f	t	5	f
5189	CV2528	8a8483bff623da7484a9a226e2701f67	ADELAIDA SALCEDO SALCEDO SALCEDO	\N	f	t	5	f
5190	CV5280	b648da50ab0c57b52a59c1a2de0e168c	SONIA CALAMBAS	\N	f	t	26	f
5192	CV2683	0ab7e06324a6980d86b1f8847032a172	MARYELY TANGARIFE	\N	f	t	34	f
5149	CV661	9eec1ca00047c50098153d554c82a07e	ASTRID CAROLINA CAICEDO	\N	f	t	39	f
5130	CV2434	ece31d943846d69632a45a2b6ee703f5	LEIDY VIVIANA AGUIRRE	\N	f	t	39	f
5155	CV2420	60d57839003e7bfa7f50773bf8f5b260	NASLY MIRELLY MINA MINA	\N	f	t	39	f
5181	CV793	deb3df3d7dabf754e448c9bf6051f063	ESILDA SOAZA	\N	f	t	40	f
5193	CV2711	09eb660e2f77eca9b8f4323263376612	CARMEN GISSELLE CAMPO	\N	f	t	34	f
5194	CV2539	3cfa36777cbfe5b33f7235935040fe23	MARIA JOSEFINA LOPEZ	\N	f	t	33	f
5188	CV3602	c7101664ad14ab892c666a9cf145854f	JACQUELINE SOTO		f	t	5	f
5195	CV940	830cf6f0d2ce002f5f07d8d62c1c1470	CLAUDIA PATRICIA ROA	\N	f	t	5	f
5196	CV2710	dc5aa1f6b825c6bec401eb3d5fadadf7	PIEDAD BARONA	\N	f	t	5	f
5197	CV2545	4e0d3ed0db2faeed10d7299c2f6162d7	LILIANA MARIA ARBOLEDA	\N	f	t	5	f
\.


--
-- Data for Name: usuarios_pventa; Type: TABLE DATA; Schema: public; Owner: smi
--

COPY usuarios_pventa (uid, codigo_pventa, valid_ip) FROM stdin;
4502	1384	f
4557	1368	f
4590	1384	f
4603	1400	f
4687	1478	f
4713	1384	f
4717	1384	f
4750	1670	f
4753	1244	f
4774	1384	f
4783	1384	f
4788	1244	f
4816	1714	f
4820	1384	f
4852	1166	f
4895	1670	f
4912	1384	f
4922	1384	f
4926	1384	f
4931	1384	f
4956	1384	f
4976	1384	f
4856	1614	f
4871	1687	f
4959	1496	f
4849	1513	f
4650	1512	f
4985	1523	f
4770	1741	f
4500	1740	f
4654	1740	f
4899	1666	f
4940	1516	f
4501	1693	f
4503	1693	f
4950	1499	f
4777	1729	f
4793	1729	f
4589	1726	f
4587	1727	f
4604	1719	f
4662	1719	f
4583	1774	f
4615	1678	f
4610	1680	f
4636	1735	f
4701	1728	f
4673	1700	f
4708	1494	f
4688	1481	f
4978	1521	f
4945	1616	f
4874	1628	f
4631	1612	f
5017	1612	f
4963	1522	f
4818	1708	f
4830	1502	f
4801	1658	f
4612	1679	f
5078	1679	f
4776	1730	f
4702	1743	f
4734	1736	f
4652	1660	f
4787	1673	f
4657	1734	f
4803	1715	f
4693	1689	f
4638	1720	f
4516	1508	f
4493	1598	f
4691	1477	f
5000	1480	f
4823	1560	f
4804	1672	f
4911	1667	f
4790	1525	f
4800	1527	f
4890	1702	f
4923	1500	f
4794	1711	f
4878	1485	f
4948	1484	f
4991	1490	f
4858	1506	f
4538	1507	f
4700	1718	f
4641	1692	f
4607	1683	f
4795	1683	f
4789	1243	f
4596	1324	f
4779	1171	f
4588	1190	f
4732	1266	f
4576	1315	f
4568	1192	f
4733	1331	f
4594	1189	f
4517	1217	f
4955	1297	f
4718	1180	f
4805	1230	f
4996	1330	f
4742	1303	f
4540	1309	f
4520	1283	f
4562	1198	f
4900	1135	f
4666	1151	f
4813	1334	f
4879	1395	f
4586	1235	f
4681	1311	f
4624	1270	f
4678	1338	f
5074	1240	f
4679	1178	f
4712	1322	f
4829	1287	f
4697	1272	f
4913	1214	f
4848	1458	f
4731	1267	f
4834	1396	f
4696	1273	f
4747	1264	f
4943	1335	f
4566	1325	f
4831	1290	f
4560	1332	f
4527	1197	f
4836	1213	f
4946	1173	f
4845	1295	f
4668	1278	f
4735	1561	f
4840	1565	f
4660	1152	f
4616	1211	f
4808	1337	f
4762	1252	f
5019	1556	f
4883	1559	f
4838	1128	f
4860	1237	f
4533	1393	f
4719	1378	f
4917	1149	f
4585	1131	f
5004	1564	f
4504	1333	f
4786	1245	f
4514	1241	f
4844	1318	f
4522	1321	f
4656	1210	f
4812	1255	f
4909	1225	f
4924	1224	f
4769	1247	f
4815	1291	f
4579	1282	f
4901	1155	f
4928	1155	f
4937	1156	f
4768	1248	f
4953	1200	f
4758	1164	f
4499	1260	f
4740	1260	f
4646	1412	f
4705	1177	f
4833	1239	f
4892	1161	f
4784	1258	f
4819	1557	f
4756	1300	f
4887	1300	f
4814	1254	f
4518	1216	f
4743	1558	f
4498	1138	f
4902	1138	f
4637	1306	f
4970	1306	f
4957	1134	f
4567	1319	f
4866	1390	f
4565	1132	f
4781	1141	f
4529	1196	f
4773	1136	f
4898	1127	f
5077	1249	f
4766	1454	f
4671	1146	f
4920	1569	f
4821	1165	f
4806	1169	f
4775	1175	f
4619	1187	f
4595	1188	f
4553	1140	f
4974	1222	f
4785	1219	f
4730	1268	f
4711	1144	f
4674	1145	f
4651	1280	f
4645	1281	f
4677	1312	f
4630	1313	f
4999	1236	f
4919	1274	f
4572	1298	f
4855	1183	f
4532	1323	f
4965	1305	f
4608	1544	f
4947	1231	f
4809	1257	f
4561	1253	f
4861	1253	f
4682	1094	f
4767	1094	f
4796	1094	f
4761	1265	f
4817	1265	f
4598	1221	f
4703	1181	f
4811	1181	f
4643	1160	f
4670	1160	f
4929	1327	f
4613	1308	f
5036	1168	f
4620	1186	f
4558	1095	f
5018	1095	f
4903	1185	f
5051	1185	f
4771	1409	f
4508	1275	f
5073	1215	f
4648	1377	f
5037	1242	f
4689	1296	f
4738	1167	f
4749	1329	f
4907	1226	f
4870	1336	f
4975	1148	f
4792	1204	f
4543	1320	f
4726	1176	f
4905	1299	f
4710	1555	f
5016	1555	f
4531	1326	f
4884	1232	f
4602	1398	f
4714	1159	f
4841	1414	f
4765	1251	f
4964	1142	f
4986	1307	f
4667	1147	f
4997	1259	f
4725	1129	f
4949	1293	f
4515	1456	f
4614	1209	f
4577	1220	f
4661	1279	f
4897	1234	f
4882	1328	f
4932	1284	f
4908	1172	f
4993	1223	f
4967	1203	f
4778	1202	f
4968	1137	f
5052	1163	f
5006	1263	f
4729	1269	f
4494	1452	f
4847	1158	f
4541	1130	f
4759	1289	f
4535	1201	f
4755	1567	f
4827	1205	f
4649	1706	f
4672	1706	f
4822	1688	f
4669	1691	f
4530	1682	f
4584	1682	f
4680	1682	f
4704	1682	f
4984	1685	f
4951	1614	f
4495	1615	f
4971	1615	f
4859	1526	f
4707	1493	f
4537	1495	f
4549	1515	f
4745	1498	f
5096	1670	f
4979	1520	f
4990	1504	f
4935	1514	f
4575	1610	f
4954	1610	f
4524	1473	f
4973	1627	f
5009	1488	f
4992	1489	f
4621	1722	f
4942	1491	f
4918	1509	f
4698	1624	f
4826	1623	f
4692	1601	f
4876	1601	f
4629	1594	f
4872	1594	f
4627	1604	f
4952	1486	f
4555	1593	f
4721	1475	f
5053	1497	f
4865	1597	f
4709	1492	f
4863	1619	f
4981	1518	f
4534	1596	f
4980	1519	f
4722	1474	f
4875	1622	f
4961	1524	f
5002	1472	f
4983	1590	f
4987	1590	f
5010	1590	f
4609	1690	f
4690	1690	f
4835	1501	f
4915	1511	f
4570	1607	f
4633	1605	f
4867	1605	f
4972	1605	f
4739	1479	f
5001	1479	f
4642	1772	f
4574	1611	f
4824	1618	f
4763	1744	f
4556	1608	f
4995	1625	f
4684	1674	f
4699	1674	f
4548	1659	f
4864	1659	f
5007	1659	f
4599	1602	f
4752	1731	f
4601	1600	f
4628	1600	f
4554	1595	f
4659	1699	f
4617	1677	f
4939	1661	f
4665	1676	f
4754	1626	f
4706	1681	f
4618	1709	f
4799	1709	f
4592	1469	f
4877	1471	f
4782	1510	f
4854	1505	f
4828	1503	f
4695	1482	f
4647	1694	f
5014	1487	f
4497	1588	f
4512	1588	f
4513	1588	f
4715	1588	f
4791	1588	f
4857	1588	f
4989	1588	f
5020	1588	f
4998	1589	f
5011	1589	f
5013	1589	f
5015	1589	f
5072	1589	f
4496	1591	f
4597	1609	f
4916	1663	f
4797	1707	f
4644	1701	f
4914	1665	f
4850	1775	f
4573	1606	f
4723	1566	f
4720	1732	f
4724	1732	f
4839	1662	f
4842	1662	f
4843	1662	f
4894	1662	f
4896	1662	f
4910	1662	f
4936	1662	f
4966	1662	f
4569	1684	f
4868	1684	f
4893	1684	f
4906	1684	f
4925	1684	f
4927	1684	f
4933	1684	f
4958	1684	f
4960	1684	f
4977	1684	f
4578	1721	f
4591	1721	f
4593	1721	f
4622	1721	f
4625	1721	f
4653	1721	f
4655	1721	f
4772	1721	f
4626	1742	f
4851	1742	f
4837	1703	f
4885	1703	f
4888	1703	f
4519	1696	f
4542	1696	f
4546	1696	f
4606	1696	f
4507	1738	f
4509	1738	f
4510	1738	f
4511	1738	f
4521	1738	f
4523	1738	f
4525	1738	f
4526	1738	f
4528	1738	f
4544	1738	f
4545	1738	f
4547	1738	f
4550	1738	f
4582	1738	f
4798	1738	f
4559	1548	f
4904	1568	f
4634	1157	f
4764	1157	f
4934	1157	f
4581	1271	f
5131	1616	f
5132	1276	f
5133	1677	f
5134	1729	f
5135	1662	f
5136	1570	f
4741	1528	f
5145	1834	f
5146	1150	f
5147	1826	f
5148	1799	f
5150	1825	f
5151	1809	f
5152	1824	f
5153	1314	f
5154	1834	f
5156	1807	f
5157	1818	f
5158	1814	f
5159	1801	f
5160	1800	f
5161	1182	f
5162	1834	f
5163	1815	f
5164	1250	f
5165	1816	f
5166	1802	f
5167	1811	f
5168	1804	f
5169	1823	f
5170	1816	f
5171	1562	f
5172	1476	f
5173	1773	f
5174	1816	f
5175	1832	f
5176	1798	f
5177	1819	f
5178	1819	f
5179	1829	f
5180	1812	f
5182	1135	f
5183	1803	f
5184	1809	f
5185	1830	f
5186	1828	f
5187	1816	f
5189	1831	f
5190	1517	f
5192	1218	f
5149	1822	f
5130	1821	f
5155	1806	f
5181	1827	f
5193	1271	f
5194	1378	f
5188	1813	f
5195	1182	f
5196	1161	f
5197	1228	f
\.


--
-- Name: grupos_nombre_grupo_key; Type: CONSTRAINT; Schema: public; Owner: smi; Tablespace: 
--

ALTER TABLE ONLY grupos
    ADD CONSTRAINT grupos_nombre_grupo_key UNIQUE (nombre_grupo);


--
-- Name: grupos_pkey; Type: CONSTRAINT; Schema: public; Owner: smi; Tablespace: 
--

ALTER TABLE ONLY grupos
    ADD CONSTRAINT grupos_pkey PRIMARY KEY (gid);


--
-- Name: mensajes_pkey; Type: CONSTRAINT; Schema: public; Owner: smi; Tablespace: 
--

ALTER TABLE ONLY mensajes
    ADD CONSTRAINT mensajes_pkey PRIMARY KEY (mid);


--
-- Name: puntosv_codigo_key; Type: CONSTRAINT; Schema: public; Owner: smi; Tablespace: 
--

ALTER TABLE ONLY puntosv
    ADD CONSTRAINT puntosv_codigo_key UNIQUE (codigo);


--
-- Name: puntosv_pkey; Type: CONSTRAINT; Schema: public; Owner: smi; Tablespace: 
--

ALTER TABLE ONLY puntosv
    ADD CONSTRAINT puntosv_pkey PRIMARY KEY (codigo);


--
-- Name: transacciones_pkey; Type: CONSTRAINT; Schema: public; Owner: smi; Tablespace: 
--

ALTER TABLE ONLY transacciones
    ADD CONSTRAINT transacciones_pkey PRIMARY KEY (codigo);


--
-- Name: usuarios_login_key; Type: CONSTRAINT; Schema: public; Owner: smi; Tablespace: 
--

ALTER TABLE ONLY usuarios
    ADD CONSTRAINT usuarios_login_key UNIQUE ("login");


--
-- Name: usuarios_pkey; Type: CONSTRAINT; Schema: public; Owner: smi; Tablespace: 
--

ALTER TABLE ONLY usuarios
    ADD CONSTRAINT usuarios_pkey PRIMARY KEY (uid);


--
-- Name: puntosv_gid_fkey; Type: FK CONSTRAINT; Schema: public; Owner: smi
--

ALTER TABLE ONLY puntosv
    ADD CONSTRAINT puntosv_gid_fkey FOREIGN KEY (gid) REFERENCES grupos(gid);


--
-- Name: usuarios_gid_fkey; Type: FK CONSTRAINT; Schema: public; Owner: smi
--

ALTER TABLE ONLY usuarios
    ADD CONSTRAINT usuarios_gid_fkey FOREIGN KEY (gid) REFERENCES grupos(gid);


--
-- Name: usuarios_pventa_codigo_pventa_fkey; Type: FK CONSTRAINT; Schema: public; Owner: smi
--

ALTER TABLE ONLY usuarios_pventa
    ADD CONSTRAINT usuarios_pventa_codigo_pventa_fkey FOREIGN KEY (codigo_pventa) REFERENCES puntosv(codigo) ON UPDATE CASCADE ON DELETE CASCADE;


--
-- Name: usuarios_pventa_uid_fkey; Type: FK CONSTRAINT; Schema: public; Owner: smi
--

ALTER TABLE ONLY usuarios_pventa
    ADD CONSTRAINT usuarios_pventa_uid_fkey FOREIGN KEY (uid) REFERENCES usuarios(uid);


--
-- Name: public; Type: ACL; Schema: -; Owner: postgres
--

REVOKE ALL ON SCHEMA public FROM PUBLIC;
REVOKE ALL ON SCHEMA public FROM postgres;
GRANT ALL ON SCHEMA public TO postgres;
GRANT ALL ON SCHEMA public TO PUBLIC;


--
-- PostgreSQL database dump complete
--

